;nombre_video;fecha_publicacion;visualizaciones;tiempo_de_visualizacion_(horas);suscriptores;tus_ingresos_estimados_(usd);impresiones;porcentaje_de_clics_de_las_impresiones_(%);nombre_video_original;info_videos;duracion_video;page_links;id;dateCreated;likes;dislikes;rating;viewCount;Tema;Cant_Recomendaciones;Tiempo_Recomendación1;Tiempo_Recomendación2;Tiempo_Recomendación3;minutos_recom1;minutos_recom2;minutos_recom3;Publicidad_inicio;Publicidad_fin;Cant_Publicidad_durante;Tiempo_Publicidad_1;Tiempo_Publicidad_2;Tiempo_Publicidad_3;Tiempo_Publicidad_4;Tiempo_Publicidad_5;Tiempo_Publicidad_6;Tiempo_Publicidad_7;Tiempo_Publicidad_8;Polarity;minutos_publi1;minutos_publi2;minutos_publi3;minutos_publi4;minutos_publi5;minutos_publi6;minutos_publi7;minutos_publi8;fecha_publicacion_ff;dia_semana_str;dia_semana;duracion_video_minutos;duracion_video_segundos;duracion_video_horas;porc_visualizacion;marca_exito;marca_exito2;rangos_duracion_video;rangos_Cant_Publicidad;rangos_Cant_Recomendaciones;consecutivo_tema;Cantida Publicidad;Cantida Recomendacion;Duracion Minutos;Densidad_Publicitaria;Densidad_Recomendacion;porc_min_recom1;porc_min_recom2;porc_min_recom3;porc_min_publi1;porc_min_publi2;porc_min_publi3;porc_min_publi4;porc_min_publi5;porc_min_publi6;porc_min_publi7;porc_min_publi8
0;CorelDRAW MAGIC ››Text EFFECT‹‹ 🌟 TIPS Tutorial ▶;20210902;1322;55.4837;1;1.359;62872;0.87;CorelDRAW MAGIC ››Text EFFECT‹‹ 🌟 TIPS Tutorial ▶ DelcaVideography de DelcaVideography;1 año 6 minutos y 46 segundos 1,322 visitas;00:06:46;https://www.youtube.com/watch?v=7nF_xuJXP2Y;7nF_xuJXP2Y;2022-02-14T07:40:37.697197Z;79;2;4.901234568;1233;Tips CorelDraw;3;00:06:26.000007;00:06:28.000008;00:06:30.000010;6.433333333;6.466666667;6.5;1;1;0;;;;;;;;;0.5375;;;;;;;;;2021-09-02 00:00:00;Thursday;3;6.766666667;46;0.125555556;0.334270481;1;0;(0.0, 0.169];;3.0;14;0;3;7.533333333;0;0.398;0.853982301;0.85840708;0.862831858;;;;;;;;
1;Cómo CONVERTIR CLIPS DE VIDEO a GIF ANIMADOS usando Vegas PRO;20210601;2344;95.3512;5;2.184;33250;4.18;Cómo CONVERTIR CLIPS DE VIDEO a GIF ANIMADOS usando Vegas PRO de DelcaVideography;1 año 11 minutos y 54 segundos 2,337 visitas;00:11:54;https://www.youtube.com/watch?v=e4G-6BlBGdY;e4G-6BlBGdY;2022-01-25T15:26:55.804002Z;75;8;4.614457831;2132;Edición videos;3;00:11:33.000007;00:11:35.000010;00:11:37.000018;11.55;11.58333333;11.61666667;1;1;4;00:04:38.000012;00:06:21.000015;00:08:58.000018;00:10:54.000013;;;;;0.444921875;4.633333333;6.35;8.966666667;10.9;;;;;2021-06-01 00:00:00;Tuesday;1;11.9;54;0.213333333;0.190682061;0;1;(0.169, 0.214];(2.0, 4.0];3.0;5;4;3;12.8;0.312;0.234;0.90234375;0.904947917;0.907552083;0.361979167;0.49609375;0.700520833;0.8515625;;;;
2;Cómo CREAR una TARJETA de NEGOCIOS VIRTUAL 💳 PASO a PASO ▶ Tutorial CorelDRAW (2021);20210525;3078;390.6325;35;7.989;57793;2.98;Cómo CREAR una TARJETA de NEGOCIOS VIRTUAL 💳 PASO a PASO ▶ Tutorial CorelDRAW (2021) de DelcaVideography;1 año 35 minutos 3,077 visitas;00:35:02;https://www.youtube.com/watch?v=gDyOAURjjrc;gDyOAURjjrc;2022-01-24T10:23:31.466619Z;160;8;4.80952381;2966;Diseño distinto a Logos;3;00:34:41.350000;00:34:47.033333;00:34:53.050000;34.68333333;34.78333333;34.88333333;1;1;8;00:03:09;00:07:15.000023;00:12:06.000017;00:16:17.000020;00:21:25;00:26:04.266667;00:29:58.016667;00:34:46.266667;0.180208333;3.15;7.25;12.1;16.28333333;21.41666667;26.06666667;29.96666667;34.76666667;2021-05-25 00:00:00;Tuesday;1;35.03333333;2;0.584444444;0.217148345;0;0;;(4.0, 8.0];3.0;4;8;3;35.06666667;0.228;0.086;0.989068441;0.991920152;0.994771863;0.089828897;0.206749049;0.345057034;0.464353612;0.610741445;0.743346008;0.854562738;0.991444867
3;Estas son las ÚLTIMAS NOVEDADES de COREL DRAW 2022;20220427;5283;225.6908;15;5.929;65191;4.37;Estas son las ÚLTIMAS NOVEDADES de COREL DRAW 2022 de DelcaVideography;6 meses 9 minutos y 51 segundos 5,292 visitas;00:09:51;https://www.youtube.com/watch?v=_EjDfu5upcg;_EjDfu5upcg;2022-10-30T23:54:00.154808Z;90;0;5;5292;Informativo CorelDraw;2;00:09:31.000004;00:09:50.000022;;9.516666667;9.833333333;;1;1;3;00:03:56.000013;00:07:31.000003;00:09:50.000020;;;;;;0.34;3.933333333;7.516666667;9.833333333;;;;;;2022-04-27 00:00:00;Wednesday;2;9.85;51;0.178333333;0.239552506;0;1;(0.169, 0.214];(2.0, 4.0];2.0;8;3;2;10.7;0.28;0.187;0.8894081;0.919003115;;0.367601246;0.702492212;0.919003115;;;;;
4;Si USAS esta TÉCNICA 🧐 puedes CREAR muchos LOGOS ▶ CorelDRAW;20211019;3034;200.6775;15;5.123;82848;1.88;Si USAS esta TÉCNICA 🧐 puedes CREAR muchos LOGOS ▶ CorelDRAW;1 año 11 minutos y 55 segundos 3,058 visitas;00:11:55;https://www.youtube.com/watch?v=uh-dv1gvpTI;uh-dv1gvpTI;2022-03-02T10:45:49.452294Z;214;7;4.873303167;2643;Técnicas CorelDraw;3;00:11:35.000004;00:11:37.000005;00:11:39.000008;11.58333333;11.61666667;11.65;1;1;3;00:03:41.000015;00:06:21.000009;00:10:05.000010;;;;;;0.665;3.683333333;6.35;10.08333333;;;;;;2021-10-19 00:00:00;Tuesday;1;11.91666667;55;0.213888889;0.309239442;1;0;(0.169, 0.214];(2.0, 4.0];3.0;16;3;3;12.83333333;0.234;0.234;0.902597403;0.905194805;0.907792208;0.287012987;0.494805195;0.785714286;;;;;
5;TIMELAPSE LOGO DESIGN TUTORIAL DelcaVideography de DelcaVideography;20210418;951;21.9096;0;1.22;18601;2.55;TIMELAPSE LOGO DESIGN TUTORIAL DelcaVideography de DelcaVideography;1 año 3 minutos y 30 segundos 917 visitas;00:03:30;https://www.youtube.com/watch?v=aJ7j5jZ3IwE;aJ7j5jZ3IwE;2022-01-23T17:32:46.661852Z;47;0;5;762;Logo en CorelDraw;2;00:03:09.000003;00:03:14.000017;;3.15;3.233333333;;1;1;0;;;;;;;;;;;;;;;;;;2021-04-18 00:00:00;Sunday;6;3.5;30;0.066666667;0.345577287;1;0;(0.0, 0.169];;2.0;10;0;2;4;0;0.5;0.7875;0.808333333;;;;;;;;;
6;Tips BÁSICOS para CREAR LOGOS EFICIENTES ▶ TUTORIAL CorelDRAW;20210819;1018;35.7847;2;0.958;40070;1.09;☄ Tips BÁSICOS para CREAR LOGOS EFICIENTES ▶ TUTORIAL CorelDRAW ;1 año 5 minutos y 49 segundos 1,017 visitas;00:05:49;https://www.youtube.com/watch?v=0ZNtr90_roU;0ZNtr90_roU;2022-02-14T07:40:12.656935Z;51;3;4.777777778;872;Tips CorelDraw;3;00:05:29.000004;00:05:31.000009;00:05:33.000008;5.483333333;5.516666667;5.55;1;1;0;;;;;;;;;0.524270833;;;;;;;;;2021-08-19 00:00:00;Thursday;3;5.816666667;49;0.110555556;0.317957469;1;0;(0.0, 0.169];;3.0;14;0;3;6.633333333;0;0.452;0.826633166;0.831658291;0.836683417;;;;;;;;
7;⚡ 3 CONSEJOS CLAVE para CREAR LOGOS en CorelDRAW ▶ TUTORIAL;20220830;821;64.7724;1;1.309;28310;1.76;⚡ 3 CONSEJOS CLAVE para CREAR LOGOS en CorelDRAW ▶ TUTORIAL;2 meses 17 minutos 791 visitas;00:17:25;https://www.youtube.com/watch?v=Fr9VZumHykY;Fr9VZumHykY;2022-10-30T20:29:56.441379Z;84;0;5;791;Consejos CorelDraw;3;00:17:05.000022;00:17:07.000002;00:17:07.000006;17.08333333;17.11666667;17.11666667;1;1;3;00:04:28.000017;00:09:23.000010;00:14:06.000004;;;;;;0.35;4.466666667;9.383333333;14.1;;;;;;2022-08-30 00:00:00;Tuesday;1;17.41666667;25;0.297222222;0.265439503;0;0;(0.214, 0.31];(2.0, 4.0];3.0;2;3;3;17.83333333;0.168;0.168;0.957943925;0.959813084;0.959813084;0.25046729;0.526168224;0.790654206;;;;;
8;⚡ CorelDRAW BEST Techniques for BEGINNERS & EXPERTS TUTORIAL YIN YANG TUTORIAL (2021) ☯;20210629;796;36.2929;1;1.059;21638;1.52;⚡ CorelDRAW BEST Techniques for BEGINNERS & EXPERTS TUTORIAL YIN YANG TUTORIAL (2021) ☯ de DelcaVideography;1 año 6 minutos y 51 segundos 795 visitas;00:06:51;https://www.youtube.com/watch?v=EyXoJv2ZJj4;EyXoJv2ZJj4;2022-02-14T07:40:37.740012Z;42;2;4.818181818;715;Técnicas CorelDraw;3;00:06:34.000014;00:06:35.000014;00:06:37.000024;6.566666667;6.583333333;6.616666667;1;1;0;;;;;;;;;0.589301215;;;;;;;;;2021-06-29 00:00:00;Tuesday;1;6.85;51;0.128333333;0.355278666;1;0;(0.0, 0.169];;3.0;16;0;3;7.7;0;0.39;0.852813853;0.854978355;0.859307359;;;;;;;;
9;⚡ CorelDRAW ›NEW YORK CITY‹ 🗽 Retro NEON Design TUTORIAL;20210907;2425;252.7519;8;4.534;77884;1.53;⚡ CorelDRAW ›NEW YORK CITY‹ 🗽 Retro NEON Design TUTORIAL ▶ DelcaVideography de DelcaVideography;1 año 18 minutos 2,425 visitas;00:18:43;https://www.youtube.com/watch?v=5i5xOm8DyII;5i5xOm8DyII;2022-02-14T07:40:11.512604Z;152;2;4.948051948;1993;Herramientas CorelDraw;3;00:18:23.000005;00:18:25.000006;00:18:27.000008;18.38333333;18.41666667;18.45;1;1;6;00:03:03.000018;00:07:15;00:09:59.000020;00:11:25;00:13:09.000018;00:18:19.000008;;;0.489666667;3.05;7.25;9.983333333;11.41666667;13.15;18.31666667;;;2021-09-07 00:00:00;Tuesday;1;18.71666667;43;0.323888889;0.321800442;1;0;;(4.0, 8.0];3.0;7;6;3;19.43333333;0.309;0.154;0.945969125;0.947684391;0.949399657;0.156946827;0.373070326;0.513722127;0.587478559;0.676672384;0.942538593;;
10;⚡ Cómo CREAR 7 EFECTOS GLITCH PRO con MOVAVI Video Editor Plus 2022 ▶ TUTORIAL;20220208;1377;47.2637;6;2.16;40883;1.55;⚡ Cómo CREAR 7 EFECTOS GLITCH PRO con MOVAVI Video Editor Plus 2022 ▶ TUTORIAL;8 meses 12 minutos y 2 segundos 1,430 visitas;00:12:02;https://www.youtube.com/watch?v=DpuEqUy3IsQ;DpuEqUy3IsQ;2022-02-08T22:12:55.056597Z;7;0;5;26;Edición videos;3;00:11:42.000025;00:11:44.000017;00:11:46.000020;11.7;11.73333333;11.76666667;1;1;3;00:02:57.000023;00:06:30.000001;00:11:11.000020;;;;;;-0.2;2.95;6.5;11.18333333;;;;;;2022-02-08 00:00:00;Tuesday;1;12.03333333;2;0.201111111;0.170670205;0;0;(0.169, 0.214];(2.0, 4.0];3.0;5;3;3;12.06666667;0.249;0.249;0.96961326;0.972375691;0.975138122;0.244475138;0.538674033;0.92679558;;;;;
11;⚡ DISEÑA el LOGO GRATIS para TU NEGOCIO en CorelDRAW  ▶ TUTORIAL;20220510;1591;138.6238;3;3.173;40117;2.41;⚡ DISEÑA el LOGO GRATIS para TU NEGOCIO en CorelDRAW  ▶ TUTORIAL;5 meses 19 minutos 1,528 visitas;00:19:49;https://www.youtube.com/watch?v=XrQZ3jFi738;XrQZ3jFi738;2022-10-30T23:54:00.420713Z;120;2;4.93442623;1528;Logo en CorelDraw;3;00:19:28.000019;00:19:28.000025;00:19:29.000007;19.46666667;19.46666667;19.48333333;1;1;4;00:06:49.000022;00:09:04.000015;00:14:07;00:16:16.000023;;;;;0.636111111;6.816666667;9.066666667;14.11666667;16.26666667;;;;;2022-05-10 00:00:00;Tuesday;1;19.81666667;49;0.343888889;0.253366666;0;0;;(2.0, 4.0];3.0;10;4;3;20.63333333;0.194;0.145;0.943457189;0.943457189;0.944264943;0.330371567;0.439418417;0.684168013;0.788368336;;;;
12;⚡ El TUTORIAL que te CONVERTIRÁ en PRO  ▶ Debes VERLO 👉🏼 CorelDRAW;20220628;1320;126.9103;6;1.753;25757;2.86;⚡ El TUTORIAL que te CONVERTIRÁ en PRO  ▶ Debes VERLO 👉🏼 CorelDRAW;4 meses 22 minutos 1,291 visitas;00:22:46;https://www.youtube.com/watch?v=4AqdI-t6S9c;4AqdI-t6S9c;2022-10-30T23:53:54.974009Z;132;2;4.940298507;1291;Diseño distinto a Logos;3;00:22:26.000023;00:22:28.000004;00:22:28.000008;22.43333333;22.46666667;22.46666667;1;1;5;00:04:32.000014;00:08:42.000015;00:14:42.000016;00:19:32.000008;00:21:36.000008;;;;0.741651042;4.533333333;8.7;14.7;19.53333333;21.6;;;;2022-06-28 00:00:00;Tuesday;1;22.76666667;46;0.392222222;0.245126771;0;0;;(4.0, 8.0];3.0;4;5;3;23.53333333;0.212;0.127;0.95325779;0.954674221;0.954674221;0.192634561;0.369688385;0.624645892;0.830028329;0.917847025;;;
13;⚡ La MEJOR FORMA de ORGANIZAR tus PÁGINAS 🔥 en CorelDRAW 👉🏼 Tutorial (2021) 😮 de DelcaVideography;20210427;3297;151.6939;12;4.325;50523;3.66;⚡ La MEJOR FORMA de ORGANIZAR tus PÁGINAS 🔥 en CorelDRAW 👉🏼 Tutorial (2021) 😮 de DelcaVideography;1 año 10 minutos y 6 segundos 3,178 visitas;00:10:06;https://www.youtube.com/watch?v=XFF0wVINP0w;XFF0wVINP0w;2022-02-14T07:39:47.827489Z;47;0;5;1663;Herramientas CorelDraw;3;00:09:45.000010;00:09:50.000015;00:09:56.000016;9.75;9.833333333;9.933333333;1;1;4;00:02:01.000003;00:04:13.000020;00:08:34.000012;00:09:50.000007;;;;;;2.016666667;4.216666667;8.566666667;9.833333333;;;;;2021-04-27 00:00:00;Tuesday;1;10.1;6;0.17;0.27064515;0;1;(0.169, 0.214];(2.0, 4.0];3.0;7;4;3;10.2;0.392;0.294;0.955882353;0.964052288;0.973856209;0.197712418;0.413398693;0.839869281;0.964052288;;;;
14;⚡ PRUEBA FLEXCLIP 2022  y CREA VIDEOS para YOUTUBE SIN SER EXPERTO ▶ Tutorial;20220629;383;18.098;0;1.065;12604;1.34;⚡ PRUEBA FLEXCLIP 2022  y CREA VIDEOS para YOUTUBE SIN SER EXPERTO ▶ Tutorial;4 meses 12 minutos y 29 segundos 365 visitas;00:12:29;https://www.youtube.com/watch?v=fQlojG2yhPk;fQlojG2yhPk;2022-10-30T23:53:18.234997Z;32;0;5;365;Edición videos;0;;;;;;;1;1;3;00:01:31.000010;00:08:20.000010;00:12:06.000006;;;;;;;1.516666667;8.333333333;12.1;;;;;;2022-06-29 00:00:00;Wednesday;2;12.48333333;29;0.216111111;0.218652634;0;0;(0.214, 0.31];(2.0, 4.0];0.0;5;3;0;12.96666667;0.231;0;;;;0.116966581;0.642673522;0.933161954;;;;;
15;⚡ SIMPLIFICA ASÍ tus DISEÑOS 🤔 ▶ TUTORIAL CorelDRAW;20220621;1589;120.7222;12;2.291;31753;3.28;⚡ SIMPLIFICA ASÍ tus DISEÑOS 🤔 ▶ TUTORIAL CorelDRAW;4 meses 18 minutos 1,563 visitas;00:18:34;https://www.youtube.com/watch?v=vyg5_ZPlMfA;vyg5_ZPlMfA;2022-06-24T02:36:09.788397Z;84;0;5;989;Diseño distinto a Logos;3;00:18:14.000005;00:18:15;00:18:15.000016;18.23333333;18.25;18.25;1;1;3;00:03:40.000002;00:07:21.000020;00:15:43.000001;;;;;;0.477083333;3.666666667;7.35;15.71666667;;;;;;2022-06-21 00:00:00;Tuesday;1;18.56666667;34;0.318888889;0.238245034;0;1;;(2.0, 4.0];3.0;4;3;3;19.13333333;0.157;0.157;0.952961672;0.953832753;0.953832753;0.191637631;0.384146341;0.821428571;;;;;
16;✅ APRENDE TODO para DIBUJAR en PERSPECTIVA 👉🏼 CorelDRAW 2021 ▶ DelcaVideography de DelcaVideography;20210405;5494;662.1729;34;9.03;104533;3.03;✅ APRENDE TODO para DIBUJAR en PERSPECTIVA 👉🏼 CorelDRAW 2021 ▶ DelcaVideography de DelcaVideography;1 año 47 minutos 5,407 visitas;00:47:26;https://www.youtube.com/watch?v=VHS8AU5hh9U;VHS8AU5hh9U;2022-01-25T01:33:30.553312Z;132;8;4.771428571;3869;Técnicas CorelDraw;3;00:47:05.433333;00:47:11.033333;00:47:17.050000;47.08333333;47.18333333;47.28333333;1;1;8;00:06:02.000014;00:12:37.000013;00:17:46.000001;00:25:28.033333;00:31:31.266667;00:36:44.116667;00:41:53.466667;00:47:10.333333;;6.033333333;12.61666667;17.76666667;25.46666667;31.51666667;36.73333333;41.88333333;47.16666667;2021-04-05 00:00:00;Monday;0;47.43333333;26;0.797777778;0.151077856;0;1;;(4.0, 8.0];3.0;16;8;3;47.86666667;0.167;0.063;0.983635097;0.985724234;0.98781337;0.126044568;0.263579387;0.371169916;0.532033426;0.658426184;0.767409471;0.875;0.985376045
17;✅ APRENDE a REEMPLAZAR el COLOR de IMÁGENES (Bien Explicado 💚 ) ▷ CorelDRAW 2021 👉🏼 DelcaVideography de DelcaVideography;20210419;17952;1332.1262;120;20.743;167172;6.29;✅ APRENDE a REEMPLAZAR el COLOR de IMÁGENES (Bien Explicado 💚 ) ▷ CorelDRAW 2021 👉🏼 DelcaVideography de DelcaVideography;1 año 23 minutos 17,016 visitas;00:23:24;https://www.youtube.com/watch?v=pyRbyr-YEl0;pyRbyr-YEl0;2022-02-02T11:31:00.84553Z;191;5;4.897959184;8709;Técnicas CorelDraw;3;00:23:03.000006;00:23:08.000011;00:23:14.000012;23.05;23.13333333;23.23333333;1;1;6;00:03:34.000009;00:08:08.000019;00:13:17.000020;00:17:40.000015;00:21:07.000023;00:23:08.000001;;;;3.566666667;8.133333333;13.28333333;17.66666667;21.11666667;23.13333333;;;2021-04-19 00:00:00;Monday;0;23.4;24;0.396666667;0.187071153;0;1;;(4.0, 8.0];3.0;16;6;3;23.8;0.252;0.126;0.968487395;0.971988796;0.976190476;0.149859944;0.341736695;0.558123249;0.742296919;0.887254902;0.971988796;;
18;✅ Las 5 formas MÁS PRODUCTIVAS de EXPORTAR en CorelDRAW 2021 ⚙️ (TUTORIAL Bien Explicado 💚) de DelcaVideography;20210412;2253;172.9071;5;3.272;51608;2.71;✅ Las 5 formas MÁS PRODUCTIVAS de EXPORTAR en CorelDRAW 2021 ⚙️ (TUTORIAL Bien Explicado 💚) de DelcaVideography;1 año 21 minutos 2,141 visitas;00:21:00;https://www.youtube.com/watch?v=Z42jLF2utFU;Z42jLF2utFU;2022-01-21T00:32:50.843913Z;41;0;5;1009;Herramientas CorelDraw;3;00:20:39.000021;00:20:45.000002;00:20:51.000003;20.65;20.75;20.85;1;1;4;00:02:26.000009;00:07:04.000005;00:13:29.000002;00:17:47.000002;;;;;;2.433333333;7.066666667;13.48333333;17.78333333;;;;;2021-04-12 00:00:00;Monday;0;21;0;0.35;0.219272208;0;0;;(2.0, 4.0];3.0;7;4;3;21;0.19;0.143;0.983333333;0.988095238;0.992857143;0.115873016;0.336507937;0.642063492;0.846825397;;;;
19;✅ Respondo 👉🏼 las 10 PREGUNTAS MÁS FRECUENTES sobre Corel DRAW ▶ DelcaVideography de DelcaVideography;20210223;5227;548.0251;19;13.314;68965;2.55;✅ Respondo 👉🏼 las 10 PREGUNTAS MÁS FRECUENTES sobre Corel DRAW ▶ DelcaVideography de DelcaVideography;1 año 24 minutos 5,009 visitas;00:24:39;https://www.youtube.com/watch?v=XDmzkfD6vJg;XDmzkfD6vJg;2022-03-03T14:04:15.58141Z;112;6;4.796610169;3221;Preguntas Frecuentes CorelDraw;2;00:24:24.083333;00:24:24.083333;;24.4;24.4;;1;1;5;00:03:35;00:08:10;00:09:39;00:16:23;00:23:16;;;;;3.583333333;8.166666667;9.65;16.38333333;23.26666667;;;;2021-02-23 00:00:00;Tuesday;1;24.65;39;0.421666667;0.248644398;0;0;;(4.0, 8.0];2.0;12;5;2;25.3;0.198;0.079;0.964426877;0.964426877;;0.141633729;0.322793149;0.381422925;0.647562582;0.919631094;;;
20;✅ USA estas TÉCNICAS de DIBUJO para DISEÑAR como PRO 😎 en CorelDRAW ► TUTORIAL;20211117;2475;131.3804;19;4.996;87214;1.23;✅ USA estas TÉCNICAS de DIBUJO para DISEÑAR como PRO 😎 en CorelDRAW ► TUTORIAL;11 meses 9 minutos y 5 segundos 2,478 visitas;00:09:05;https://www.youtube.com/watch?v=7HXsIyciyG0;7HXsIyciyG0;2022-01-21T08:08:50.145384Z;184;3;4.935828877;1869;Técnicas CorelDraw;3;00:08:45.000005;00:08:47.000006;00:08:49.000009;8.75;8.783333333;8.816666667;1;1;2;00:04:42.000014;00:07:03.000013;;;;;;;0.491666667;4.7;7.05;;;;;;;2021-11-17 00:00:00;Wednesday;2;9.083333333;5;0.152777778;0.347452298;1;0;(0.0, 0.169];(0.0, 2.0];3.0;16;2;3;9.166666667;0.218;0.327;0.954545455;0.958181818;0.961818182;0.512727273;0.769090909;;;;;;
21;✍🏼 Si APRENDES esta TÉCNICA puedes CREAR LOGOS como un PRO ▶ TUTORIAL CorelDRAW;20220614;1282;113.4128;6;2.329;29293;2.63;✍🏼 Si APRENDES esta TÉCNICA puedes CREAR LOGOS como un PRO ▶ TUTORIAL CorelDRAW;4 meses 17 minutos 1,211 visitas;00:17:17;https://www.youtube.com/watch?v=SChyIBkkCfg;SChyIBkkCfg;2022-06-15T02:31:32.721327Z;33;0;5;193;Diseño distinto a Logos;3;00:16:59.000017;00:17:00.000018;00:17:00.000018;16.98333333;17;17;1;1;4;00:05:49.000012;00:09:40.000010;00:11:54.000019;00:14:47.000020;;;;;0.3125;5.816666667;9.666666667;11.9;14.78333333;;;;;2022-06-14 00:00:00;Tuesday;1;17.28333333;17;0.292777778;0.30215928;1;0;(0.214, 0.31];(2.0, 4.0];3.0;4;4;3;17.56666667;0.228;0.171;0.966793169;0.967741935;0.967741935;0.331119545;0.55028463;0.677419355;0.841555977;;;;
22;✍🏼APRENDE a CREAR LOGOS SIMPLES 🔑 si haces ESTO ▶ TUTORIAL CorelDRAW;20220517;1518;111.2804;-2;2.354;45699;2.19;✍🏼APRENDE a CREAR LOGOS SIMPLES 🔑 si haces ESTO ▶ TUTORIAL CorelDRAW;5 meses 17 minutos 1,467 visitas;00:17:27;https://www.youtube.com/watch?v=uKd41FnPlhU;uKd41FnPlhU;2022-10-30T23:53:58.969952Z;105;0;5;1467;Logo en CorelDraw;3;00:17:06.000022;00:17:06.000029;00:17:07.000010;17.1;17.1;17.11666667;1;1;3;00:05:01.000005;00:09:51.000022;00:14:49.000006;;;;;;-0.009659091;5.016666667;9.85;14.81666667;;;;;;2022-05-17 00:00:00;Tuesday;1;17.45;27;0.298333333;0.245722614;0;0;(0.214, 0.31];(2.0, 4.0];3.0;10;3;3;17.9;0.168;0.168;0.955307263;0.955307263;0.956238361;0.280260708;0.55027933;0.827746741;;;;;
23;✒️ + 🐧Aprende a COMBINAR CONCEPTOS 😏 para DISEÑAR en CorelDRAW;20211021;1796;89.6495;4;3.343;71595;1;✒️ + 🐧Aprende a COMBINAR CONCEPTOS 😏 para DISEÑAR en CorelDRAW;1 año 12 minutos y 44 segundos 1,799 visitas;00:12:44;https://www.youtube.com/watch?v=RUCx93JLnis;RUCx93JLnis;2022-03-02T10:04:48.695815Z;126;2;4.9375;1630;Diseño distinto a Logos;3;00:12:24;00:12:26.000001;00:12:28.000004;12.4;12.43333333;12.46666667;1;1;4;00:03:07.000004;00:06:21.000015;00:09:08.000006;00:12:06.000013;;;;;0.285291005;3.116666667;6.35;9.133333333;12.1;;;;;2021-10-21 00:00:00;Thursday;3;12.73333333;44;0.224444444;0.222398923;0;0;(0.214, 0.31];(2.0, 4.0];3.0;4;4;3;13.46666667;0.297;0.223;0.920792079;0.923267327;0.925742574;0.231435644;0.471534653;0.678217822;0.898514851;;;;
24;✒️APRENDE a ILUSTRAR ASÍ en CorelDRAW ✍️ TRUCOS & CONSEJOS CLAVE;20210916;1811;142.3578;5;3.227;65215;1.38;✒️APRENDE a ILUSTRAR ASÍ en CorelDRAW ✍️ TRUCOS & CONSEJOS CLAVE ▶ DelcaVideography de DelcaVideography;1 año 19 minutos 1,810 visitas;00:19:54;https://www.youtube.com/watch?v=-klu27TmOyY;-klu27TmOyY;2022-01-20T15:54:08.631675Z;103;2;4.923809524;1483;Consejos CorelDraw;3;00:19:33.000015;00:19:35.000016;00:19:37.000018;19.55;19.58333333;19.61666667;1;1;4;00:04:08.000007;00:07:56.000023;00:10:10.000023;00:16:58;;;;;0.243333333;4.133333333;7.933333333;10.16666667;16.96666667;;;;;2021-09-16 00:00:00;Thursday;3;19.9;54;0.346666667;0.226751795;0;0;;(2.0, 4.0];3.0;2;4;3;20.8;0.192;0.144;0.939903846;0.94150641;0.943108974;0.198717949;0.381410256;0.488782051;0.815705128;;;;
25;✔ Estos son los PASO a PASO para CONSTRUIR LOGOS en CorelDRAW;20211209;4068;256.7454;42;5.862;105678;1.8;✔ Estos son los PASO a PASO para CONSTRUIR LOGOS en CorelDRAW;10 meses 10 minutos y 46 segundos 4,360 visitas;00:10:46;https://www.youtube.com/watch?v=6yA8gjsJws4;6yA8gjsJws4;2022-01-20T07:31:04.305009Z;174;0;5;1931;Logo en CorelDraw;3;00:10:25.000019;00:10:27.000021;00:10:29.000023;10.41666667;10.45;10.48333333;1;1;2;00:04:22.000005;00:05:19.000015;;;;;;;0.296666667;4.366666667;5.316666667;;;;;;;2021-12-09 00:00:00;Thursday;3;10.76666667;46;0.192222222;0.32833572;1;0;(0.169, 0.214];(0.0, 2.0];3.0;10;2;3;11.53333333;0.173;0.26;0.903179191;0.906069364;0.908959538;0.378612717;0.460982659;;;;;;
26;✔✨ Aprende LA TÉCNICA CREATIVA para CREAR LOGOS GRATIS en CorelDRAW ▶ TUTORIAL;20211202;13756;424.2588;317;13.161;581541;0.87;✔✨ Aprende LA TÉCNICA CREATIVA para CREAR LOGOS GRATIS en CorelDRAW ▶ TUTORIAL;10 meses 10 minutos y 58 segundos 13,775 visitas;00:10:58;https://www.youtube.com/watch?v=4oAC_IUKdss;4oAC_IUKdss;2022-01-20T07:49:42.758409Z;633;6;4.962441315;13167;Técnicas CorelDraw;3;00:10:38.000004;00:10:40.000005;00:10:42.000007;10.63333333;10.66666667;10.7;1;1;3;00:03:59;00:07:19.000016;00:10:06.000008;;;;;;0.391452246;3.983333333;7.316666667;10.1;;;;;;2021-12-02 00:00:00;Thursday;3;10.96666667;58;0.198888889;0.155070137;0;0;(0.169, 0.214];(2.0, 4.0];3.0;16;3;3;11.93333333;0.251;0.251;0.891061453;0.893854749;0.896648045;0.333798883;0.613128492;0.846368715;;;;;
27;✔✨ DESCUBRE estas TÉCNICAS para CREAR DISEÑOS orgánicos en ▶ TUTORIAL;20220203;11619;740.5416;180;14.555;443002;1.09;✔✨ DESCUBRE estas TÉCNICAS para CREAR DISEÑOS orgánicos en ▶ TUTORIAL | CorelDRAW DelcaVideography de DelcaVideography;8 meses 31 minutos 11,695 visitas;00:31:20;https://www.youtube.com/watch?v=wKQdpbEgCQk;wKQdpbEgCQk;2022-03-05T23:51:53.969679Z;503;9;4.9296875;10691;Técnicas CorelDraw;3;00:30:59.266667;00:31:01.283333;00:31:03.333333;30.98333333;31.01666667;31.05;1;1;7;00:05:02;00:08:23.000004;00:14:36;00:16:20.000013;00:20:22.000003;00:26:08.100000;00:28:47.150000;;0.416083333;5.033333333;8.383333333;14.6;16.33333333;20.36666667;26.13333333;28.78333333;;2022-02-03 00:00:00;Thursday;3;31.33333333;20;0.527777778;0.120761808;0;0;;(4.0, 8.0];3.0;16;7;3;31.66666667;0.221;0.095;0.978421053;0.979473684;0.980526316;0.158947368;0.264736842;0.461052632;0.515789474;0.643157895;0.825263158;0.908947368;
28;✔✨ Sigue el PROCESO PASO a PASO y APRENDE A CREAR LOGOS en CorelDRAW ► TUTORIAL;20220127;5159;248.5148;31;5.135;262636;0.76;✔✨ Sigue el PROCESO PASO a PASO y APRENDE A CREAR LOGOS en CorelDRAW ► TUTORIAL;9 meses 17 minutos 5,176 visitas;00:17:39;https://www.youtube.com/watch?v=tJh3qoj5uL0;tJh3qoj5uL0;2022-01-27T22:11:52.376328Z;11;0;5;28;Logo en CorelDraw;3;00:17:18.000004;00:17:20.000005;00:17:22.000008;17.3;17.33333333;17.36666667;1;1;6;00:04:30.000023;00:06:11.000002;00:09:04.000022;00:11:36;00:13:55.000004;00:16:56.000005;;;0.179166667;4.5;6.183333333;9.066666667;11.6;13.91666667;16.93333333;;;2022-01-27 00:00:00;Thursday;3;17.65;39;0.305;0.157938093;0;0;(0.214, 0.31];(4.0, 8.0];3.0;10;6;3;18.3;0.328;0.164;0.945355191;0.947176685;0.948998179;0.245901639;0.337887067;0.495446266;0.633879781;0.760473588;0.925318761;;
29;✔✨ Sigue estos MÉTODOS para DISEÑAR tus LOGOS en CorelDRAW ► TUTORIAL;20211123;151522;5615.8654;2090;120.952;7914266;0.71;✔✨ Sigue estos MÉTODOS para DISEÑAR tus LOGOS en CorelDRAW ► TUTORIAL;11 meses 23 minutos 152,083 visitas;00:23:40;https://www.youtube.com/watch?v=UzS9Iar4trA;UzS9Iar4trA;2022-03-19T15:01:14.136549Z;3693;61;4.935002664;151710;Métodos CorelDraw;3;00:23:10.000006;00:23:22.000007;00:23:24.000010;23.16666667;23.36666667;23.4;1;1;5;00:07:25.000002;00:12:42.000023;00:16:21.000020;00:19:35.000001;00:22:32;;;;0.429970238;7.416666667;12.7;16.35;19.58333333;22.53333333;;;;2021-11-23 00:00:00;Tuesday;1;23.66666667;40;0.405555556;0.091388309;0;0;;(4.0, 8.0];3.0;11;5;3;24.33333333;0.205;0.123;0.952054795;0.960273973;0.961643836;0.304794521;0.521917808;0.671917808;0.804794521;0.926027397;;;
30;✔✨ Sigue estos PASOS para CREAR DISEÑOS IMPOSIBLES con CorelDRAW ▶ TUTORIAL;20220308;3184;233.7504;6;4.434;100148;1.34;✔✨ Sigue estos PASOS para CREAR DISEÑOS IMPOSIBLES con CorelDRAW ▶ TUTORIAL;7 meses 18 minutos 3,185 visitas;00:18:28;https://www.youtube.com/watch?v=vg8pGU09qQ4;vg8pGU09qQ4;2022-03-15T02:45:57.457898Z;184;1;4.978378378;2157;Diseño distinto a Logos;3;00:18:07.000008;00:18:09.000009;00:18:11.000011;18.11666667;18.15;18.18333333;1;1;5;00:04:32.000020;00:08:09.000019;00:12:47.000008;00:15:06.000012;00:17:43.000002;;;;0.36128621;4.533333333;8.15;12.78333333;15.1;17.71666667;;;;2022-03-08 00:00:00;Tuesday;1;18.46666667;28;0.315555556;0.232650223;0;0;;(4.0, 8.0];3.0;4;5;3;18.93333333;0.264;0.158;0.956866197;0.958626761;0.960387324;0.23943662;0.430457746;0.675176056;0.797535211;0.935739437;;;
31;✔✨Sigue estos MÉTODOS ESENCIALES para CREAR LOGOS en CorelDRAW ▶ TUTORIAL;20220210;3381;203.4507;20;4.692;148209;0.93;✔✨Sigue estos MÉTODOS ESENCIALES para CREAR LOGOS en CorelDRAW ▶ TUTORIAL;8 meses 16 minutos 3,419 visitas;00:16:49;https://www.youtube.com/watch?v=EncVwqu2W6E;EncVwqu2W6E;2022-02-22T20:03:35.706984Z;176;4;4.911111111;2795;Logo en CorelDraw;3;00:16:19.000007;00:16:31.000009;00:16:33.000011;16.31666667;16.51666667;16.55;1;1;4;00:03:53;00:06:05;00:09:05.000007;00:15:02.000014;;;;;0.336;3.883333333;6.083333333;9.083333333;15.03333333;;;;;2022-02-10 00:00:00;Thursday;3;16.81666667;49;0.293888889;0.204753272;0;0;(0.214, 0.31];(2.0, 4.0];3.0;10;4;3;17.63333333;0.227;0.17;0.925330813;0.936672968;0.938563327;0.220226843;0.344990548;0.515122873;0.852551985;;;;
32;✔💪🏼 Sigue estas TÉCNICAS para CREAR LOGOS en CorelDRAW ▶ TUTORIAL;20220301;1881;111.3451;13;2.608;64399;1.26;✔💪🏼 Sigue estas TÉCNICAS para CREAR LOGOS en CorelDRAW ▶ TUTORIAL;7 meses 12 minutos y 51 segundos 1,915 visitas;00:12:51;https://www.youtube.com/watch?v=X8e-3u0kN_E;X8e-3u0kN_E;2022-03-05T16:39:08.554174Z;96;2;4.918367347;1027;Técnicas CorelDraw;3;00:12:31.000012;00:12:33.000013;00:12:35.000015;12.51666667;12.55;12.58333333;1;1;3;00:04:15.000002;00:08:36.000001;00:11:50.000014;;;;;;0.569704861;4.25;8.6;11.83333333;;;;;;2022-03-01 00:00:00;Tuesday;1;12.85;51;0.228333333;0.259246557;0;0;(0.214, 0.31];(2.0, 4.0];3.0;16;3;3;13.7;0.219;0.219;0.913625304;0.916058394;0.918491484;0.310218978;0.627737226;0.863746959;;;;;
33;✨✔ APLICA TODAS las TÉCNICAS para CREAR LOGOS en CorelDRAW ▶ TUTORIAL;20220405;2338;131.0947;11;2.991;77085;1.51;✨✔ APLICA TODAS las TÉCNICAS para CREAR LOGOS en CorelDRAW ▶ TUTORIAL |DelcaVideography de DelcaVideography;6 meses 11 minutos y 7 segundos 2,340 visitas;00:11:07;https://www.youtube.com/watch?v=34oSrvGeogo;34oSrvGeogo;2022-04-18T12:15:42.951372Z;106;1;4.962616822;1626;Técnicas CorelDraw;3;00:10:57.000008;00:10:57.000014;00:11:06.000018;10.95;10.95;11.1;1;1;3;00:04:17.000011;00:06:45.000008;00:10:20.000016;;;;;;0.437857143;4.283333333;6.75;10.33333333;;;;;;2022-04-05 00:00:00;Tuesday;1;11.11666667;7;0.187222222;0.299490625;1;0;(0.169, 0.214];(2.0, 4.0];3.0;16;3;3;11.23333333;0.267;0.267;0.974777448;0.974777448;0.988130564;0.381305638;0.600890208;0.919881306;;;;;
34;✨✔ APLICA estas TÉCNICAS AVANZADAS para CREAR LOGOS en CorelDRAW ▶ TUTORIAL;20220426;3044;411.7951;23;7.158;60272;3.04;✨✔ APLICA estas TÉCNICAS AVANZADAS para CREAR LOGOS en CorelDRAW ▶ TUTORIAL;6 meses 37 minutos 3,046 visitas;00:37:31;https://www.youtube.com/watch?v=jPTShYN3wYo;jPTShYN3wYo;2022-10-30T23:54:01.595385Z;192;4;4.918367347;3046;Técnicas CorelDraw;3;00:37:12.316667;00:37:13.150000;00:37:29.350000;37.2;37.21666667;37.48333333;1;1;8;00:05:47;00:08:36;00:10:48.000001;00:14:51.000012;00:21:37.000007;00:25:45;00:29:13.016667;00:32:05.183333;0.85;5.783333333;8.6;10.8;14.85;21.61666667;25.75;29.21666667;32.08333333;2022-04-26 00:00:00;Tuesday;1;37.51666667;31;0.633888889;0.213414237;0;1;;(4.0, 8.0];3.0;16;8;3;38.03333333;0.21;0.079;0.978089395;0.978527607;0.985539001;0.152059597;0.226117441;0.283961437;0.390446976;0.568361087;0.677037686;0.768185802;0.843558282
35;✨✔ ARMONIZA tus DISEÑOS si usas estas TÉCNICAS para CREAR LOGOS en CorelDRAW;20220224;4511;238.5745;27;4.017;183306;0.88;✨✔ ARMONIZA tus DISEÑOS si usas estas TÉCNICAS para CREAR LOGOS en CorelDRAW;8 meses 24 minutos 4,547 visitas;00:24:43;https://www.youtube.com/watch?v=FhNdnP77p4M;FhNdnP77p4M;2022-03-05T12:43:23.073028Z;144;3;4.918367347;3737;Técnicas CorelDraw;3;00:24:23.200000;00:24:25.216667;00:24:27.250000;24.38333333;24.41666667;24.45;1;1;4;00:05:10.000017;00:09:04.000008;00:15:06;00:24:19.283333;;;;;0.85;5.166666667;9.066666667;15.1;24.31666667;;;;;2022-02-24 00:00:00;Thursday;3;24.71666667;43;0.423888889;0.124766836;0;0;;(2.0, 4.0];3.0;16;4;3;25.43333333;0.157;0.118;0.958715596;0.960026212;0.961336828;0.203145478;0.356487549;0.593709043;0.956094364;;;;
36;✨✔ CONOCE el PASO a PASO para CREAR este LOGO en CorelDRAW ▶ TUTORIAL;20220322;2699;242.7542;18;5.003;80750;1.6;✨✔ CONOCE el PASO a PASO para CREAR este LOGO en CorelDRAW ▶ TUTORIAL | DelcaVideography (2022) de DelcaVideography;7 meses 23 minutos 2,701 visitas;00:23:30;https://www.youtube.com/watch?v=zCs2HPG-wQU;zCs2HPG-wQU;2022-03-29T02:21:21.848082Z;103;2;4.923809524;1232;Logo en CorelDraw;3;00:23:09.000023;00:23:12;00:23:14.000002;23.15;23.2;23.23333333;1;1;5;00:03:40.000016;00:08:36.000012;00:12:45.000016;00:16:03.000013;00:20:11.000011;;;;0.50244709;3.666666667;8.6;12.75;16.05;20.18333333;;;;2022-03-22 00:00:00;Tuesday;1;23.5;30;0.4;0.224855687;0;0;;(4.0, 8.0];3.0;10;5;3;24;0.208;0.125;0.964583333;0.966666667;0.968055556;0.152777778;0.358333333;0.53125;0.66875;0.840972222;;;
37;✨✔ DISEÑA como un PROFESIONAL si SIGUES estos PASOS en CorelDRAW;20220331;2458;160.598;13;3.782;89996;1.2;✨✔ DISEÑA como un PROFESIONAL si SIGUES estos PASOS en CorelDRAW ▶ TUTORIAL;6 meses 16 minutos 2,459 visitas;00:16:35;https://www.youtube.com/watch?v=9TqoaxoutJA;9TqoaxoutJA;2022-04-15T04:44:11.649467Z;147;0;5;1852;Diseño distinto a Logos;3;00:16:14.000022;00:16:15.000009;00:16:15.000018;16.23333333;16.25;16.25;1;1;3;00:04:13.000012;00:10:05;00:15:16;;;;;;0.355333333;4.216666667;10.08333333;15.26666667;;;;;;2022-03-31 00:00:00;Thursday;3;16.58333333;35;0.286111111;0.228361838;0;0;(0.214, 0.31];(2.0, 4.0];3.0;4;3;3;17.16666667;0.175;0.175;0.945631068;0.946601942;0.946601942;0.245631068;0.587378641;0.889320388;;;;;
38;✨✔ Te ENSEÑO estas TÉCNICAS para que DISEÑES como un PRO ▶ TUTORIAL CorelDRAW;20220504;1760;116.1147;4;2.329;57665;2.04;✨✔ Te ENSEÑO estas TÉCNICAS para que DISEÑES como un PRO ▶ TUTORIAL CorelDRAW;5 meses 19 minutos 1,742 visitas;00:19:57;https://www.youtube.com/watch?v=ghc_2Ljua5A;ghc_2Ljua5A;2022-10-30T23:54:01.774266Z;118;0;5;1742;Diseño distinto a Logos;3;00:19:36.000014;00:19:36.000019;00:19:37.000005;19.6;19.6;19.61666667;1;1;5;00:05:09.000003;00:07:12.000009;00:10:54.000002;00:14:51;00:18:45;;;;0.305537796;5.15;7.2;10.9;14.85;18.75;;;;2022-05-04 00:00:00;Wednesday;2;19.95;57;0.348333333;0.189399793;0;0;;(4.0, 8.0];3.0;4;5;3;20.9;0.239;0.144;0.937799043;0.937799043;0.938596491;0.246411483;0.344497608;0.5215311;0.710526316;0.897129187;;;
39;⭐ 5 HERRAMIENTAS INDISPENSABLES para DISEÑAR LOGOS en CorelDRAW ▶ TUTORIAL;20220802;1880;166.404;8;3.277;47688;2.58;⭐ 5 HERRAMIENTAS INDISPENSABLES para DISEÑAR LOGOS en CorelDRAW ▶ TUTORIAL;2 meses 19 minutos 1,757 visitas;00:19:49;https://www.youtube.com/watch?v=b9_XfrLRhbk;b9_XfrLRhbk;2022-08-05T03:51:23.784249Z;74;0;5;797;Herramientas CorelDraw;3;00:19:29.000011;00:19:30.000015;00:19:30.000020;19.48333333;19.5;19.5;1;1;4;00:04:00.000012;00:08:55.000006;00:14:50.000001;00:18:27.000005;;;;;0.161212121;4;8.916666667;14.83333333;18.45;;;;;2022-08-02 00:00:00;Tuesday;1;19.81666667;49;0.343888889;0.257387688;0;0;;(2.0, 4.0];3.0;7;4;3;20.63333333;0.194;0.145;0.944264943;0.945072698;0.945072698;0.193861066;0.432148627;0.718901454;0.894184168;;;;
40;⭐ 7 HERRAMIENTAS que DEBES CONOCER para DISEÑAR en CorelDRAW TUTORIAL DelcaVideography de DelcaVideography;20220726;1032;88.8506;2;1.771;27305;2.3;⭐ 7 HERRAMIENTAS que DEBES CONOCER para DISEÑAR en CorelDRAW TUTORIAL DelcaVideography de DelcaVideography;3 meses 16 minutos 1,005 visitas;00:16:19;https://www.youtube.com/watch?v=yS4dxKwYzY8;yS4dxKwYzY8;2022-07-29T00:38:08.645047Z;67;0;5;590;Herramientas CorelDraw;3;00:15:59.000009;00:16:00.000013;00:16:00.000018;15.98333333;16;16;1;1;3;00:04:50.000015;00:09:49.000009;00:12:54.000009;;;;;;1;4.833333333;9.816666667;12.9;;;;;;2022-07-26 00:00:00;Tuesday;1;16.31666667;19;0.277222222;0.310565084;1;0;(0.214, 0.31];(2.0, 4.0];3.0;7;3;3;16.63333333;0.18;0.18;0.960921844;0.961923848;0.961923848;0.290581162;0.590180361;0.775551102;;;;;
41;⭐ 7 TÉCNICAS y CONSEJOS para DISEÑAR en CorelDRAW ▶ TUTORIAL;20220719;1750;153.9714;13;3.521;41264;2.68;⭐ 7 TÉCNICAS y CONSEJOS para DISEÑAR en CorelDRAW ▶ TUTORIAL;3 meses 16 minutos 1,706 visitas;00:16:26;https://www.youtube.com/watch?v=zdRd8ybbfXU;zdRd8ybbfXU;2022-07-20T06:43:27.32788Z;46;0;5;303;Técnicas CorelDraw;3;00:16:07;00:16:08.000005;00:16:08.000009;16.11666667;16.13333333;16.13333333;1;1;3;00:04:40.000003;00:10:01.000008;00:14:24;;;;;;0.403888889;4.666666667;10.01666667;14.4;;;;;;2022-07-19 00:00:00;Tuesday;1;16.43333333;26;0.281111111;0.312985342;1;0;(0.214, 0.31];(2.0, 4.0];3.0;16;3;3;16.86666667;0.178;0.178;0.955533597;0.956521739;0.956521739;0.276679842;0.593873518;0.853754941;;;;;
42;⭐ 7 TIPS INDISPENSABLES para DISEÑAR en CorelDRAW ▶ TUTORIAL;20220816;1328;131.4338;3;2.196;30348;2.62;⭐ 7 TIPS INDISPENSABLES para DISEÑAR en CorelDRAW ▶ TUTORIAL;2 meses 22 minutos 1,185 visitas;00:22:29;https://www.youtube.com/watch?v=5lzcNprr2R8;5lzcNprr2R8;2022-10-30T23:53:12.545469Z;100;0;5;1185;Tips CorelDraw;3;00:22:09.000004;00:22:10.000008;00:22:10.000013;22.15;22.16666667;22.16666667;1;1;4;00:04:09.000003;00:09:15.000008;00:15:01.000012;00:19:18.000017;;;;;0.530555556;4.15;9.25;15.01666667;19.3;;;;;2022-08-16 00:00:00;Tuesday;1;22.48333333;29;0.382777778;0.258560556;0;0;;(2.0, 4.0];3.0;14;4;3;22.96666667;0.174;0.131;0.964441219;0.965166909;0.965166909;0.180696662;0.40275762;0.653846154;0.840348331;;;;
43;⭐ APRENDE a DIBUJAR así ✍🏼SÓLO SI HACES ESTO ▶ TUTORIAL CorelDRAW;20220705;2163;180.0385;15;2.993;48467;2.99;⭐ APRENDE a DIBUJAR así ✍🏼SÓLO SI HACES ESTO ▶ TUTORIAL CorelDRAW;3 meses 20 minutos 2,099 visitas;00:20:05;https://www.youtube.com/watch?v=kNMd8vuFhXs;kNMd8vuFhXs;2022-09-06T08:20:32.88009Z;159;0;5;1928;Diseño distinto a Logos;3;00:19:45.000006;00:19:46.000011;00:19:46.000015;19.75;19.76666667;19.76666667;1;1;3;00:05:22;00:09:39.000010;00:14:58.000016;;;;;;0.141666667;5.366666667;9.65;14.96666667;;;;;;2022-07-05 00:00:00;Tuesday;1;20.08333333;5;0.336111111;0.247642966;0;0;;(2.0, 4.0];3.0;4;3;3;20.16666667;0.149;0.149;0.979338843;0.980165289;0.980165289;0.266115702;0.478512397;0.74214876;;;;;
44;⭐ SOLO HAZ un PAR de TRAZOS para obtener MÚLTIPLES DISEÑOS ▶ TUTORIAL CorelDRAW;20220712;1113;45.2646;0;1.095;30940;2.15;⭐ SOLO HAZ un PAR de TRAZOS para obtener MÚLTIPLES DISEÑOS ▶ TUTORIAL CorelDRAW;3 meses 6 minutos y 5 segundos 1,095 visitas;00:06:05;https://www.youtube.com/watch?v=eTNr9599FKg;eTNr9599FKg;2022-10-30T23:53:16.572032Z;97;0;5;1095;Diseño distinto a Logos;3;00:05:45.000004;00:05:46.000009;00:05:46.000013;5.75;5.766666667;5.766666667;1;1;0;;;;;;;;;;;;;;;;;;2022-07-12 00:00:00;Tuesday;1;6.083333333;5;0.102777778;0.395698405;1;0;(0.0, 0.169];;3.0;4;0;3;6.166666667;0;0.486;0.932432432;0.935135135;0.935135135;;;;;;;;
45;⭐ Usa la HERRAMIENTA ORIGEN para OPTIMIZAR tu FLUJO de TRABAJO ▶ CorelDRAW;20220823;812;57.3606;1;1.268;26126;1.74;⭐ Usa la HERRAMIENTA ORIGEN para OPTIMIZAR tu FLUJO de TRABAJO ▶ CorelDRAW;2 meses 16 minutos 768 visitas;00:16:44;https://www.youtube.com/watch?v=9SKCAwbvsFI;9SKCAwbvsFI;2022-10-30T23:53:11.99072Z;58;0;5;768;Herramientas CorelDraw;3;00:16:24.000002;00:16:25.000006;00:16:25.000010;16.4;16.41666667;16.41666667;1;1;3;00:03:57.000002;00:10:36.000004;00:13:45;;;;;;0.2;3.95;10.6;13.75;;;;;;2022-08-23 00:00:00;Tuesday;1;16.73333333;44;0.291111111;0.242660381;0;0;(0.214, 0.31];(2.0, 4.0];3.0;7;3;3;17.46666667;0.172;0.172;0.938931298;0.939885496;0.939885496;0.226145038;0.606870229;0.78721374;;;;;
46;🌟 AMAZING PERSPECTIVE Tips ▶ CREATE 3D TEXT in CorelDRAW;20210923;2183;206.4005;14;5.572;53465;2.18;🌟 AMAZING PERSPECTIVE Tips ▶ CREATE 3D TEXT in CorelDRAW;1 año 12 minutos y 35 segundos 2,183 visitas;00:12:35;https://www.youtube.com/watch?v=-5PYYhPKDQ0;-5PYYhPKDQ0;2022-03-02T10:45:49.66528Z;154;2;4.948717949;1741;Tips CorelDraw;3;00:12:14.000023;00:12:17;00:12:19.000003;12.23333333;12.28333333;12.31666667;1;1;4;00:04:25.000012;00:06:12;00:09:00;00:10:53.000007;;;;;0.45047619;4.416666667;6.2;9;10.88333333;;;;;2021-09-23 00:00:00;Thursday;3;12.58333333;35;0.219444444;0.430856271;1;0;(0.214, 0.31];(2.0, 4.0];3.0;14;4;3;13.16666667;0.304;0.228;0.929113924;0.932911392;0.935443038;0.335443038;0.470886076;0.683544304;0.826582278;;;;
47;🌟 Ahora puedes EXPORTAR VARIAS IMÁGENES en un PASO con CorelDRAW 2021 ▶ DelcaVideography de DelcaVideography;20210323;4460;124.9825;9;6.181;48363;3.22;🌟 Ahora puedes EXPORTAR VARIAS IMÁGENES en un PASO con CorelDRAW 2021 ▶ DelcaVideography de DelcaVideography;1 año 4 minutos y 23 segundos 4,282 visitas;00:04:23;https://www.youtube.com/watch?v=K08R2VIr8uY;K08R2VIr8uY;2022-02-14T07:40:13.76707Z;39;13;4;2590;Herramientas CorelDraw;3;00:04:02.000019;00:04:07.000026;00:04:13.000027;4.033333333;4.116666667;4.216666667;1;1;0;;;;;;;;;;;;;;;;;;2021-03-23 00:00:00;Tuesday;1;4.383333333;23;0.079444444;0.352736837;1;1;(0.0, 0.169];;3.0;7;0;3;4.766666667;0;0.629;0.846153846;0.863636364;0.884615385;;;;;;;;
48;🌟 CONOCE el Nuevo DIBUJO en PERSPECTIVA de CorelDRAW 2021 ▶ DelcaVideography de DelcaVideography;20210316;6368;323.9838;20;9.152;94680;3.82;🌟 CONOCE el Nuevo DIBUJO en PERSPECTIVA de CorelDRAW 2021 ▶ DelcaVideography de DelcaVideography;1 año 8 minutos y 53 segundos 6,166 visitas;00:08:53;https://www.youtube.com/watch?v=1ZN1Y0ItkDE;1ZN1Y0ItkDE;2022-01-21T09:39:27.565984Z;116;4;4.866666667;4181;Herramientas CorelDraw;3;00:08:32.000009;00:08:37.000016;00:08:43.000017;8.533333333;8.616666667;8.716666667;1;1;4;00:01:01.000009;00:04:23.000029;00:07:24.000003;00:08:31.000013;;;;;;1.016666667;4.383333333;7.4;8.516666667;;;;;2021-03-16 00:00:00;Tuesday;1;8.883333333;53;0.162777778;0.312554046;1;1;(0.0, 0.169];(2.0, 4.0];3.0;7;4;3;9.766666667;0.41;0.307;0.873720137;0.88225256;0.892491468;0.104095563;0.448805461;0.757679181;0.872013652;;;;
49;🌟 Conoce la Nueva COLABORACIÓN de TRABAJO REMOTO en CorelDRAW 2021 ▶ DelcaVideography de DelcaVideography;20210406;1003;22.3128;-4;0.745;33063;1.62;🌟 Conoce la Nueva COLABORACIÓN de TRABAJO REMOTO en CorelDRAW 2021 ▶ DelcaVideography de DelcaVideography;1 año 5 minutos y 32 segundos 980 visitas;00:05:32;https://www.youtube.com/watch?v=8ZKIBOf72I0;8ZKIBOf72I0;2022-02-14T07:38:36.721765Z;19;2;4.619047619;741;Herramientas CorelDraw;3;00:05:22.000011;00:05:16.000010;00:05:22.000011;5.366666667;5.266666667;5.366666667;1;1;0;;;;;;;;;;;;;;;;;;2021-04-06 00:00:00;Tuesday;1;5.533333333;32;0.101111111;0.220015996;0;0;(0.0, 0.169];;3.0;7;0;3;6.066666667;0;0.495;0.884615385;0.868131868;0.884615385;;;;;;;;
50;🌟 CorelDRAW FAST Techniques for Beginners ▶ 3 MIN⏰ TUTORIAL OLYMPIC GAMES Logo;20210802;1157;34.113;2;0.832;31294;1.96;🌟 CorelDRAW FAST Techniques for Beginners ▶ 3 MIN⏰ TUTORIAL OLYMPIC GAMES Logo;1 año 2 minutos y 56 segundos 1,156 visitas;00:02:56;https://www.youtube.com/watch?v=-FftNs-zJy4;-FftNs-zJy4;2022-02-14T07:40:15.052381Z;43;2;4.822222222;1068;Técnicas CorelDraw;3;00:02:36.000011;00:02:38.000012;00:02:40.000015;2.6;2.633333333;2.666666667;1;1;0;;;;;;;;;1;;;;;;;;;2021-08-02 00:00:00;Monday;0;2.933333333;56;0.064444444;0.457510506;1;0;(0.0, 0.169];;3.0;16;0;3;3.866666667;0;0.776;0.672413793;0.681034483;0.689655172;;;;;;;;
51;🌟 DESCUBRE cómo REEMPLAZAR COLORES de IMÁGENES (FÁCIL) en CorelDRAW 2021 ▶ DelcaVideography de DelcaVideography;20210325;4825;186.7283;17;4.211;62417;4.09;🌟 DESCUBRE cómo REEMPLAZAR COLORES de IMÁGENES (FÁCIL) en CorelDRAW 2021 ▶ DelcaVideography de DelcaVideography;1 año 5 minutos y 28 segundos 4,541 visitas;00:05:28;https://www.youtube.com/watch?v=BwW5ar0rq6I;BwW5ar0rq6I;2022-02-14T07:38:36.501374Z;58;5;4.682539683;2582;Herramientas CorelDraw;3;00:05:19.000005;00:05:13.000004;00:05:19.000005;5.316666667;5.216666667;5.316666667;1;1;0;;;;;;;;;;;;;;;;;;2021-03-25 00:00:00;Thursday;3;5.466666667;28;0.098888889;0.391349991;1;1;(0.0, 0.169];;3.0;7;0;3;5.933333333;0;0.506;0.896067416;0.879213483;0.896067416;;;;;;;;
52;🌟 DESCUBRE el Nuevo MULTIPÁGINA de CorelDRAW 2021 ▶ DelcaVideography de DelcaVideography;20210318;1620;49.9267;5;1.406;41011;2.09;🌟 DESCUBRE el Nuevo MULTIPÁGINA de CorelDRAW 2021 ▶ DelcaVideography de DelcaVideography;1 año 4 minutos y 26 segundos 1,596 visitas;00:04:26;https://www.youtube.com/watch?v=GuGi6v3zUa0;GuGi6v3zUa0;2022-02-14T07:38:36.439811Z;47;2;4.836734694;1323;Herramientas CorelDraw;3;00:04:05.000020;00:04:10.000027;00:04:16.000028;4.083333333;4.166666667;4.266666667;1;1;0;;;;;;;;;;;;;;;;;;2021-03-18 00:00:00;Thursday;3;4.433333333;26;0.081111111;0.379959665;1;0;(0.0, 0.169];;3.0;7;0;3;4.866666667;0;0.616;0.839041096;0.856164384;0.876712329;;;;;;;;
53;🌟 Lo NUEVO de CorelDRAW 2021 ▶ DelcaVideography de DelcaVideography;20210315;23887;1537.5073;172;34.79;329305;3.87;🌟 Lo NUEVO de CorelDRAW 2021 ▶ DelcaVideography de DelcaVideography;1 año 17 minutos 23,798 visitas;00:17:18;https://www.youtube.com/watch?v=XS6ocwaU89s;XS6ocwaU89s;2022-01-22T02:24:47.439833Z;395;20;4.807228916;23633;Informativo CorelDraw;3;00:17:08.000013;00:17:02.000012;00:17:08.000013;17.13333333;17.03333333;17.13333333;1;1;4;00:01:06.000012;00:05:55.000018;00:09:07.000028;00:14:59.000015;;;;;;1.1;5.916666667;9.116666667;14.98333333;;;;;2021-03-15 00:00:00;Monday;0;17.3;18;0.293333333;0.219429068;0;1;(0.214, 0.31];(2.0, 4.0];3.0;8;4;3;17.6;0.227;0.17;0.973484848;0.96780303;0.973484848;0.0625;0.336174242;0.517992424;0.851325758;;;;
54;🎇 5 TRUCOS para CREAR DISEÑOS PRO en CorelDRAW ▶ TUTORIAL;20220524;3008;271.1899;26;5.201;71801;2.63;🎇 5 TRUCOS para CREAR DISEÑOS PRO en CorelDRAW ▶ TUTORIAL;5 meses 19 minutos 2,829 visitas;00:19:47;https://www.youtube.com/watch?v=O1Z08LHtUto;O1Z08LHtUto;2022-05-26T00:34:35.609654Z;71;0;5;707;Trucos CorelDraw;3;00:19:26.000012;00:19:26.000017;00:19:27.000002;19.43333333;19.43333333;19.45;1;1;4;00:04:49.000008;00:08:58.000010;00:11:42.000010;00:17:24.000008;;;;;0.444642857;4.816666667;8.966666667;11.7;17.4;;;;;2022-05-24 00:00:00;Tuesday;1;19.78333333;47;0.342777778;0.263016516;0;0;;(2.0, 4.0];3.0;15;4;3;20.56666667;0.194;0.146;0.944894652;0.944894652;0.945705024;0.234197731;0.435980551;0.568881686;0.846029173;;;;
55;🎇 COMBINA estas TÉCNICAS para _CREAR LOGOS INCREÍBLES_ en CorelDRAW;20211014;2251;177.1279;9;4.751;80506;1.32;🎇 COMBINA estas TÉCNICAS para *CREAR LOGOS INCREÍBLES* en CorelDRAW;1 año 16 minutos 2,262 visitas;00:16:20;https://www.youtube.com/watch?v=CoRu0b3xQjA;CoRu0b3xQjA;2022-03-02T10:47:08.105816Z;156;2;4.949367089;1985;Técnicas CorelDraw;3;00:16:00.000009;00:16:02.000011;00:16:04.000013;16;16.03333333;16.06666667;1;1;4;00:03:20.000012;00:06:28.000012;00:10:47.000008;00:15:09.000018;;;;;0.588113276;3.333333333;6.466666667;10.78333333;15.15;;;;;2021-10-14 00:00:00;Thursday;3;16.33333333;20;0.277777778;0.283278738;0;0;(0.214, 0.31];(2.0, 4.0];3.0;16;4;3;16.66666667;0.24;0.18;0.96;0.962;0.964;0.2;0.388;0.647;0.909;;;;
56;🎉🎈 TIPS ESENCIALES para CREAR tu PROPIA TARJETA de CUMPLEAÑOS en CorelDRAW;20211207;1376;83.4713;12;2.771;61654;0.96;🎉🎈 TIPS ESENCIALES para CREAR tu PROPIA TARJETA de CUMPLEAÑOS en CorelDRAW;10 meses 12 minutos y 7 segundos 1,402 visitas;00:12:07;https://www.youtube.com/watch?v=q9Um7q-MN28;q9Um7q-MN28;2022-01-21T04:19:12.293208Z;78;0;5;947;Tips CorelDraw;3;00:11:46.000008;00:11:48.000010;00:11:50.000012;11.76666667;11.8;11.83333333;1;1;3;00:02:28.000020;00:05:41;00:10:25.000011;;;;;;0.4775;2.466666667;5.683333333;10.41666667;;;;;;2021-12-07 00:00:00;Tuesday;1;12.11666667;7;0.203888889;0.297526179;1;0;(0.169, 0.214];(2.0, 4.0];3.0;14;3;3;12.23333333;0.245;0.245;0.961852861;0.964577657;0.967302452;0.201634877;0.464577657;0.851498638;;;;;
57;🎧🔊 Te MUESTRO CÓMO INSTALÉ las Espumas Acústicas en mi ESTUDIO ⚡;20220421;466;14.0877;-1;0.642;19441;1.44;🎧🔊 Te MUESTRO CÓMO INSTALÉ las Espumas Acústicas en mi ESTUDIO ⚡;6 meses 5 minutos y 22 segundos 466 visitas;00:05:22;https://www.youtube.com/watch?v=1WflrST7JBI;1WflrST7JBI;2022-10-30T23:54:00.949249Z;34;0;5;466;Espumas Acústicas;0;;;;;;;1;1;0;;;;;;;;;0.403995671;;;;;;;;;2022-04-21 00:00:00;Thursday;3;5.366666667;22;0.095555556;0.316372143;1;0;(0.0, 0.169];;0.0;6;0;0;5.733333333;0;0;;;;;;;;;;;
58;🎱🥌 La MEJOR FORMA de APLICAR TEXTURAS 3D ⚙ a LOGOS en CorelDRAW;20211102;2390;170.4774;20;4.293;79546;1.53;🎱🥌 La MEJOR FORMA de APLICAR TEXTURAS 3D ⚙ a LOGOS en CorelDRAW;11 meses 11 minutos y 52 segundos 2,426 visitas;00:11:52;https://www.youtube.com/watch?v=6naaK-WHF2M;6naaK-WHF2M;2022-03-02T10:45:51.322542Z;174;4;4.91011236;1803;Herramientas CorelDraw;3;00:11:32;00:11:34.000001;00:11:36.000004;11.53333333;11.56666667;11.6;1;1;4;00:03:23;00:05:48.000019;00:08:15.000015;00:11:35.000016;;;;;0.422190476;3.383333333;5.8;8.25;11.58333333;;;;;2021-11-02 00:00:00;Tuesday;1;11.86666667;52;0.212222222;0.336107385;1;0;(0.169, 0.214];(2.0, 4.0];3.0;7;4;3;12.73333333;0.314;0.236;0.905759162;0.908376963;0.910994764;0.265706806;0.455497382;0.647905759;0.909685864;;;;
59;🐝 ESTA es la FORMA INTELIGENTE 😱 de usar la GEOMETRÍA para DISEÑAR ▶ CorelDRAW;20211026;1759;101.0199;0;2.897;58749;1.23;🐝 ESTA es la FORMA INTELIGENTE 😱 de usar la GEOMETRÍA para DISEÑAR ▶ CorelDRAW ;1 año 12 minutos y 50 segundos 1,760 visitas;00:12:50;https://www.youtube.com/watch?v=v5V8I3Oih-g;v5V8I3Oih-g;2022-03-02T10:10:23.245505Z;125;3;4.90625;1621;Diseño distinto a Logos;3;00:12:29.000017;00:12:31.000019;00:12:33.000021;12.48333333;12.51666667;12.55;1;1;3;00:03:40.000003;00:08:10.000016;00:11:48;;;;;;0.416111111;3.666666667;8.166666667;11.8;;;;;;2021-10-26 00:00:00;Tuesday;1;12.83333333;50;0.227777778;0.25213303;0;0;(0.214, 0.31];(2.0, 4.0];3.0;4;3;3;13.66666667;0.22;0.22;0.913414634;0.915853659;0.918292683;0.268292683;0.597560976;0.863414634;;;;;
60;🐱_👤Con estos MÉTODOS PRÁCTICOS 🧐 puedes DISEÑAR LOGOS Fácilmente en CorelDRAW;20211028;1392;59.9538;6;2.275;71375;0.82;🐱‍👤Con estos MÉTODOS PRÁCTICOS 🧐 puedes DISEÑAR LOGOS Fácilmente en CorelDRAW;1 año 8 minutos y 33 segundos 1,397 visitas;00:08:33;https://www.youtube.com/watch?v=64COMqKhPds;64COMqKhPds;2022-03-02T10:05:29.93049Z;93;0;5;1286;Métodos CorelDraw;3;00:08:12.000009;00:08:14.000010;00:08:16.000013;8.2;8.233333333;8.266666667;1;1;3;00:03:24.000001;00:05:48.000019;00:08:07.000004;;;;;;;3.4;5.8;8.116666667;;;;;;2021-10-28 00:00:00;Thursday;3;8.55;33;0.151666667;0.283979727;0;0;(0.0, 0.169];(2.0, 4.0];3.0;11;3;3;9.1;0.33;0.33;0.901098901;0.904761905;0.908424908;0.373626374;0.637362637;0.891941392;;;;;
61;👉 Cómo poner la BARRA de HERRAMIENTAS 🛠 de Corel Draw ▶;20210503;41179;1429.967;285;54.042;206048;11.06;👉 Cómo poner la BARRA de HERRAMIENTAS 🛠 de Corel Draw ▶ DelcaVideography de DelcaVideography;1 año 3 minutos y 43 segundos 41,160 visitas;00:03:43;https://www.youtube.com/watch?v=PYF0AejVLTY;PYF0AejVLTY;2022-01-24T14:28:07.079823Z;475;36;4.718199609;36051;Herramientas CorelDraw;2;00:03:22.000024;00:03:30.000023;;3.366666667;3.5;;1;1;0;;;;;;;;;;;;;;;;;;2021-05-03 00:00:00;Monday;0;3.716666667;43;0.073888889;0.469971025;1;1;(0.0, 0.169];;2.0;7;0;2;4.433333333;0;0.451;0.759398496;0.789473684;;;;;;;;;
62;👉 Cuánto ESPACIO OCUPA Corel DRAW ▶;20210513;1503;19.6828;1;1.422;38308;1.93;👉 Cuánto ESPACIO OCUPA Corel DRAW ▶ DelcaVideography de DelcaVideography;1 año 1 minuto y 20 segundos 1,502 visitas;00:01:20;https://www.youtube.com/watch?v=o6p51KtkmYM;o6p51KtkmYM;2022-02-14T07:38:36.279052Z;26;2;4.714285714;751;Informativo CorelDraw;2;00:00:59.000015;00:01:02.000021;;0.983333333;1.033333333;;1;1;0;;;;;;;;;;;;;;;;;;2021-05-13 00:00:00;Thursday;3;1.333333333;20;0.027777778;0.471444311;1;0;(0.0, 0.169];;2.0;8;0;2;1.666666667;0;1.2;0.59;0.62;;;;;;;;;
63;👉 Estas son las PRINCIPALES CARACTERÍSTICAS de Corel Draw ▶ DelcaVideography de DelcaVideography;20210302;10452;197.9181;62;11.406;81017;7.75;👉 Estas son las PRINCIPALES CARACTERÍSTICAS de Corel Draw ▶ DelcaVideography de DelcaVideography;1 año 1 minuto y 47 segundos 10,044 visitas;00:01:47;https://www.youtube.com/watch?v=dDYz3dwnX0A;dDYz3dwnX0A;2022-02-23T09:36:14.75105Z;96;3;4.878787879;6281;Características CorelDraw;3;00:01:35;00:01:36.000014;00:01:37.000024;1.583333333;1.6;1.616666667;1;1;0;;;;;;;;;;;;;;;;;;2021-03-02 00:00:00;Tuesday;1;1.783333333;47;0.042777778;0.442657566;1;1;(0.0, 0.169];;3.0;1;0;3;2.566666667;0;1.169;0.616883117;0.623376623;0.62987013;;;;;;;;
64;👉 Estas son las PRINCIPALES HERRAMIENTAS 🛠 de Corel Draw ▶;20210520;5936;243.6388;28;5.957;67760;5.51;👉 Estas son las PRINCIPALES HERRAMIENTAS 🛠 de Corel Draw ▶ DelcaVideography de DelcaVideography;1 año 4 minutos y 35 segundos 5,928 visitas;00:04:35;https://www.youtube.com/watch?v=QYP39ZUhx1g;QYP39ZUhx1g;2022-02-23T08:59:19.225492Z;66;4;4.771428571;2021;Herramientas CorelDraw;2;00:04:23.000009;00:04:23.000009;;4.383333333;4.383333333;;1;1;0;;;;;;;;;0;;;;;;;;;2021-05-20 00:00:00;Thursday;3;4.583333333;35;0.086111111;0.476643161;1;1;(0.0, 0.169];;2.0;7;0;2;5.166666667;0;0.387;0.848387097;0.848387097;;;;;;;;;
65;👉 Esto es lo que PUEDES HACER con Corel Draw ▶ DelcaVideography de DelcaVideography;20210304;18029;364.9207;90;17.467;123552;7.92;👉 Esto es lo que PUEDES HACER con Corel Draw ▶ DelcaVideography de DelcaVideography;1 año 1 minuto y 51 segundos 16,326 visitas;00:01:51;https://www.youtube.com/watch?v=_g8JtwLevHA;_g8JtwLevHA;2022-02-23T09:36:14.818386Z;206;4;4.923809524;15531;Características CorelDraw;3;00:01:36.000014;00:01:39.000010;00:01:40.000026;1.6;1.65;1.666666667;1;1;0;;;;;;;;;;;;;;;;;;2021-03-04 00:00:00;Thursday;3;1.85;51;0.045;0.449794713;1;1;(0.0, 0.169];;3.0;1;0;3;2.7;0;1.111;0.592592593;0.611111111;0.617283951;;;;;;;;
66;👉 Estos son los REQUISITOS para INSTALAR Corel DRAW ▶;20210510;9866;271.8139;34;11.453;67056;5.55;👉 Estos son los REQUISITOS para INSTALAR Corel DRAW ▶ DelcaVideography de DelcaVideography;1 año 4 minutos y 5 segundos 9,857 visitas;00:04:05;https://www.youtube.com/watch?v=Wm7m8Uoonec;Wm7m8Uoonec;2022-01-26T07:34:23.495893Z;90;3;4.870967742;8155;Informativo CorelDraw;2;00:03:44.000003;00:03:47.000009;;3.733333333;3.783333333;;1;1;0;;;;;;;;;0.054411765;;;;;;;;;2021-05-10 00:00:00;Monday;0;4.083333333;5;0.069444444;0.396728174;1;1;(0.0, 0.169];;2.0;8;0;2;4.166666667;0;0.48;0.896;0.908;;;;;;;;;
67;👉 PASOS para INGRESAR a Corel Draw ▶ DelcaVideography de DelcaVideography;20210429;7064;249.3815;38;5.341;77788;4.85;👉 PASOS para INGRESAR a Corel Draw ▶ DelcaVideography de DelcaVideography;1 año 4 minutos y 10 segundos 6,651 visitas;00:04:10;https://www.youtube.com/watch?v=9lcfYNSQNO0;9lcfYNSQNO0;2022-02-23T09:36:14.312928Z;85;0;5;4030;Herramientas CorelDraw;2;00:03:49.000027;00:03:59.000020;;3.816666667;3.983333333;;1;1;0;;;;;;;;;;;;;;;;;;2021-04-29 00:00:00;Thursday;3;4.166666667;10;0.072222222;0.488812941;1;1;(0.0, 0.169];;2.0;7;0;2;4.333333333;0;0.462;0.880769231;0.919230769;;;;;;;;;
68;👉🏼 7 Programas GRATUITOS para EDITAR VÍDEOS 💥 que DEDEBS CONOCER🔥;20210610;1230;72.6054;-2;3.131;35883;1.62;👉🏼 7 Programas GRATUITOS para EDITAR VÍDEOS 💥 que DEDEBS CONOCER🔥 de DelcaVideography;1 año 16 minutos 1,229 visitas;00:16:14;https://www.youtube.com/watch?v=OZoHxV1UGnw;OZoHxV1UGnw;2022-02-03T02:29:43.084487Z;60;0;5;978;Edición videos;3;00:15:22.000023;00:15:57.000011;00:15:55.000023;15.36666667;15.95;15.91666667;1;1;4;00:03:25.000015;00:05:50.000012;00:09:52.000005;00:12:59.000007;;;;;0.410087891;3.416666667;5.833333333;9.866666667;12.98333333;;;;;2021-06-10 00:00:00;Thursday;3;16.23333333;14;0.274444444;0.215084625;0;0;(0.214, 0.31];(2.0, 4.0];3.0;5;4;3;16.46666667;0.243;0.182;0.933198381;0.968623482;0.96659919;0.207489879;0.354251012;0.599190283;0.788461538;;;;
69;👉🏼 ASÍ puedes CREAR EFECTOS INCREÍBLES Y COMPLEJOS 😮 en CorelDRAW  ▶ TUTORIAL;20220531;4061;375.5217;35;6.896;74649;3.37;👉🏼 ASÍ puedes CREAR EFECTOS INCREÍBLES Y COMPLEJOS 😮 en CorelDRAW  ▶ TUTORIAL;4 meses 17 minutos 3,587 visitas;00:17:15;https://www.youtube.com/watch?v=qb1g0l0s-8M;qb1g0l0s-8M;2022-10-30T23:53:25.142325Z;255;4;4.938223938;3587;Diseño distinto a Logos;3;00:16:54.000009;00:16:54.000014;00:16:54.000023;16.9;16.9;16.9;1;1;4;00:05:39.000002;00:09:47.000016;00:14:14.000016;00:16:15.000012;;;;;0.292;5.65;9.783333333;14.23333333;16.25;;;;;2022-05-31 00:00:00;Tuesday;1;17.25;15;0.291666667;0.31704087;1;1;(0.214, 0.31];(2.0, 4.0];3.0;4;4;3;17.5;0.229;0.171;0.965714286;0.965714286;0.965714286;0.322857143;0.559047619;0.813333333;0.928571429;;;;
70;👉🏼 Conoce las VENTAJAS 💚 & DESVENTAJAS 💔 de Corel Draw ▶ DelcaVideography de DelcaVideography;20210426;8981;505.0297;43;11.741;115306;4.74;👉🏼 Conoce las VENTAJAS 💚 & DESVENTAJAS 💔 de Corel Draw ▶ DelcaVideography de DelcaVideography;1 año 5 minutos y 43 segundos 8,544 visitas;00:05:43;https://www.youtube.com/watch?v=BQniSD1h1VA;BQniSD1h1VA;2022-02-13T01:31:47.199125Z;154;5;4.874213836;8030;Características CorelDraw;3;00:05:30.000010;00:05:32.000019;00:05:35;5.5;5.533333333;5.583333333;1;1;0;;;;;;;;;;;;;;;;;;2021-04-26 00:00:00;Monday;0;5.716666667;43;0.107222222;0.52445402;1;1;(0.0, 0.169];;3.0;1;0;3;6.433333333;0;0.466;0.85492228;0.860103627;0.867875648;;;;;;;;
71;👌🏼 Te DOY un TRUCO SECRETO 🤯 para HACER INTROS INCREÍBLES y en POCOS PASOS;20211215;918;4.2187;0;0.097;21048;1.91;👌🏼 Te DOY un TRUCO SECRETO 🤯 para HACER INTROS INCREÍBLES y en POCOS PASOS;10 meses 21 segundos 921 visitas;00:21:00;https://www.youtube.com/watch?v=5WcmcnMkBHw;5WcmcnMkBHw;2022-02-04T04:43:26.171245Z;33;3;4.666666667;791;Consejos CorelDraw;0;;;;;;;1;1;0;;;;;;;;;0.25;;;;;;;;;2021-12-15 00:00:00;Wednesday;2;21;0;0.35;0.013130096;0;0;;;0.0;2;0;0;21;0;0;;;;;;;;;;;
72;💙 Curso VEGAS PRO en YOUTUBE 2021 (Entrenamiento Online) ▶;20210518;1962;23.559;24;2.777;26199;1.69;💙 Curso VEGAS PRO en YOUTUBE 2021 (Entrenamiento Online) ▶ DelcaVideography de DelcaVideography;1 año 1 minuto y 49 segundos 2,027 visitas;00:01:49;https://www.youtube.com/watch?v=wtx9fZTQFB8;wtx9fZTQFB8;2022-02-03T02:30:22.064821Z;62;3;4.815384615;1342;Edición videos;2;00:01:37;00:01:37;;1.616666667;1.616666667;;1;1;0;;;;;;;;;0.264333333;;;;;;;;;2021-05-18 00:00:00;Tuesday;1;1.816666667;49;0.043888889;0.273591917;0;0;(0.0, 0.169];;2.0;5;0;2;2.633333333;0;0.759;0.613924051;0.613924051;;;;;;;;;
73;💚 CorelDRAW EASIEST Techniques for Beginners & Experts (💗+🎀) ▶ LOGO Tutorial;20210721;1161;57.3995;4;1.733;26577;1.72;💚 CorelDRAW EASIEST Techniques for Beginners & Experts (💗+🎀) ▶ LOGO Tutorial;1 año 9 minutos y 25 segundos 1,160 visitas;00:09:25;https://www.youtube.com/watch?v=7zv_dRp9GRQ;7zv_dRp9GRQ;2022-02-14T07:40:12.173349Z;65;0;5;1040;Técnicas CorelDraw;3;00:09:04.000024;00:09:07.000008;00:09:10.000027;9.066666667;9.116666667;9.166666667;1;1;3;00:02:30.000009;00:05:41.000018;00:08:57.000024;;;;;;0.202806713;2.5;5.683333333;8.95;;;;;;2021-07-21 00:00:00;Wednesday;2;9.416666667;25;0.163888889;0.30166601;1;0;(0.0, 0.169];(2.0, 4.0];3.0;16;3;3;9.833333333;0.305;0.305;0.922033898;0.927118644;0.93220339;0.254237288;0.577966102;0.910169492;;;;;
74;💚 Curso COREL DRAW en YOUTUBE 2022 (Entrenamiento Online) ▶ DelcaVideography de DelcaVideography;20210308;25802;391.6244;779;28.803;113027;3.45;💚 Curso COREL DRAW en YOUTUBE 2022 (Entrenamiento Online) ▶ DelcaVideography de DelcaVideography;1 año 1 minuto y 53 segundos 24,600 visitas;00:01:53;https://www.youtube.com/watch?v=Mf_462e-1PI;Mf_462e-1PI;2022-02-23T08:59:19.882151Z;587;10;4.932998325;22260;Curso CorelDraw;2;00:01:32.000017;00:01:39.000019;;1.533333333;1.65;;1;1;0;;;;;;;;;;;;;;;;;;2021-03-08 00:00:00;Monday;0;1.883333333;53;0.046111111;0.329162828;1;1;(0.0, 0.169];;2.0;3;0;2;2.766666667;0;0.723;0.554216867;0.596385542;;;;;;;;;
75;💡 CorelDRAW KEY 🔑 TIPS for Pro & Beginners _ Lightbulb ICON ▶;20210831;1219;33.6398;0;1.332;42576;1.17;💡 CorelDRAW KEY 🔑 TIPS for Pro & Beginners | Lightbulb ICON ▶DelcaVideography de DelcaVideography;1 año 4 minutos y 56 segundos 1,218 visitas;00:04:56;https://www.youtube.com/watch?v=6_-gEvLJQ9E;6_-gEvLJQ9E;2022-02-14T07:40:14.48728Z;36;0;5;1121;Tips CorelDraw;3;00:04:35.000017;00:04:37.000018;00:04:39.000021;4.583333333;4.616666667;4.65;1;1;0;;;;;;;;;0.2625;;;;;;;;;2021-08-31 00:00:00;Tuesday;1;4.933333333;56;0.097777778;0.282234134;0;0;(0.0, 0.169];;3.0;14;0;3;5.866666667;0;0.511;0.78125;0.786931818;0.792613636;;;;;;;;
76;💧 Las MEJORES Técnicas para RENDERIZAR en CorelDRAW ▶ LOGO TUTORIAL;20210803;1814;80.1881;7;3.113;44140;1.97;💧 Las MEJORES Técnicas para RENDERIZAR en CorelDRAW ▶ LOGO TUTORIAL;1 año 7 minutos y 53 segundos 1,813 visitas;00:07:53;https://www.youtube.com/watch?v=uzJhduFORZI;uzJhduFORZI;2022-02-14T07:38:42.55974Z;73;0;5;1296;Técnicas CorelDraw;3;00:07:33.000005;00:07:35.000006;00:07:37.000008;7.55;7.583333333;7.616666667;1;1;0;;;;;;;;;0.055659722;;;;;;;;;2021-08-03 00:00:00;Tuesday;1;7.883333333;53;0.146111111;0.302544594;1;0;(0.0, 0.169];;3.0;16;0;3;8.766666667;0;0.342;0.86121673;0.865019011;0.868821293;;;;;;;;
77;💪🏼 DOMINA esta TÉCNICA para diseñar LOGOS como este en CorelDRAW 🍺;20211012;4248;391.6548;47;8.902;91698;2.45;💪🏼 DOMINA esta TÉCNICA para diseñar LOGOS como este en CorelDRAW 🍺;1 año 17 minutos 4,315 visitas;00:17:20;https://www.youtube.com/watch?v=f_MUrOOOACU;f_MUrOOOACU;2022-01-23T14:28:06.783352Z;223;2;4.964444444;3054;Técnicas CorelDraw;3;00:16:59.000014;00:17:01.000015;00:17:03.000017;16.98333333;17.01666667;17.05;1;1;4;00:03:19.000011;00:08:01;00:12:36;00:15:39.000008;;;;;0.367891414;3.316666667;8.016666667;12.6;15.65;;;;;2021-10-12 00:00:00;Tuesday;1;17.33333333;20;0.294444444;0.313123441;1;0;(0.214, 0.31];(2.0, 4.0];3.0;16;4;3;17.66666667;0.226;0.17;0.961320755;0.963207547;0.96509434;0.187735849;0.453773585;0.713207547;0.885849057;;;;
78;📌 Learn the CorelDRAW BEST Techniques for LOGO Design;20210824;1645;83.985;3;2.001;48122;1.26;📌 Learn the CorelDRAW BEST Techniques for LOGO Design;1 año 15 minutos 1,644 visitas;00:15:45;https://www.youtube.com/watch?v=JT55WYIIhko;JT55WYIIhko;2022-01-23T17:32:46.004047Z;47;0;5;1500;Técnicas CorelDraw;3;00:15:24.000018;00:15:26.000019;00:15:28.000022;15.4;15.43333333;15.46666667;1;1;3;00:01:47.000015;00:05:55.000010;00:11:18.000021;;;;;;-0.058333333;1.783333333;5.916666667;11.3;;;;;;2021-08-24 00:00:00;Tuesday;1;15.75;45;0.275;0.185653495;0;0;(0.214, 0.31];(2.0, 4.0];3.0;16;3;3;16.5;0.182;0.182;0.933333333;0.935353535;0.937373737;0.108080808;0.358585859;0.684848485;;;;;
79;📖 3D FLIP PAGE TEXT Effect _ CorelDRAW TUTORIAL;20210909;2027;109.5547;9;3.504;70801;1.35;📖 3D FLIP PAGE TEXT Effect | CorelDRAW TUTORIAL ▶ DelcaVideography de DelcaVideography;1 año 8 minutos y 18 segundos 2,026 visitas;00:08:18;https://www.youtube.com/watch?v=wC4ZMACUfsQ;wC4ZMACUfsQ;2022-02-14T07:40:37.640383Z;134;2;4.941176471;1759;Herramientas CorelDraw;3;00:07:57.000022;00:07:59.000023;00:08:02.000001;7.95;7.983333333;8.033333333;1;1;2;00:02:18.000020;00:04:56.000010;;;;;;;0.836;2.3;4.933333333;;;;;;;2021-09-09 00:00:00;Thursday;3;8.3;18;0.143333333;0.377077018;1;0;(0.0, 0.169];(0.0, 2.0];3.0;7;2;3;8.6;0.233;0.349;0.924418605;0.928294574;0.934108527;0.26744186;0.573643411;;;;;;
80;🔗 LOGO TUTORIAL CorelDRAW ›BASIC‹ Tips & Tricks 💚 for Beginners & Experts;20210826;1594;62.1296;-2;1.551;67608;1.06;🔗 LOGO TUTORIAL CorelDRAW ›BASIC‹ Tips & Tricks 💚 for Beginners & Experts;1 año 8 minutos y 17 segundos 1,594 visitas;00:08:17;https://www.youtube.com/watch?v=uwA89oxazPM;uwA89oxazPM;2022-02-14T07:40:37.710267Z;81;0;5;1490;Logo en CorelDraw;3;00:07:56.000025;00:07:58.000027;00:08:01;7.933333333;7.966666667;8.016666667;1;1;2;00:01:55.000017;00:05:20.000012;;;;;;;0.25;1.916666667;5.333333333;;;;;;;2021-08-26 00:00:00;Thursday;3;8.283333333;17;0.142777778;0.272991813;0;0;(0.0, 0.169];(0.0, 2.0];3.0;10;2;3;8.566666667;0.233;0.35;0.926070039;0.929961089;0.935797665;0.223735409;0.622568093;;;;;;
81;🔥  MUST SEE! CorelDRAW BEST Techniques for Beginners & Experts TUTORIAL (2021) ⚓  ►;20210624;1083;64.6315;-2;1.997;23655;1.92;🔥  MUST SEE! CorelDRAW BEST Techniques for Beginners & Experts TUTORIAL (2021) ⚓  ► DelcaVideography de DelcaVideography;1 año 20 minutos 1,083 visitas;00:20:16;https://www.youtube.com/watch?v=Wt9VkaxXayI;Wt9VkaxXayI;2022-02-14T07:40:14.002788Z;53;5;4.655172414;956;Técnicas CorelDraw;3;00:19:59.000011;00:20:00.000011;00:20:02.000019;19.98333333;20;20.03333333;1;1;4;00:01:56.000010;00:07:19.000020;00:12:30;00:18:57.000016;;;;;0.675;1.933333333;7.316666667;12.5;18.95;;;;;2021-06-24 00:00:00;Thursday;3;20.26666667;16;0.342222222;0.174384376;0;0;;(2.0, 4.0];3.0;16;4;3;20.53333333;0.195;0.146;0.973214286;0.974025974;0.975649351;0.094155844;0.356331169;0.608766234;0.92288961;;;;
82;🔥 CorelDRAW ADVANCE Techniques for Beginners & Experts _ LOGO TUTORIAL ▶;20210810;1606;82.2658;6;2.133;57604;1.23;🔥 CorelDRAW ADVANCE Techniques for Beginners & Experts | LOGO TUTORIAL ▶ DelcaVideography de DelcaVideography;1 año 19 minutos 1,605 visitas;00:19:39;https://www.youtube.com/watch?v=0Hhq3OPWyLM;0Hhq3OPWyLM;2022-01-22T05:22:52.214927Z;62;2;4.875;1491;Técnicas CorelDraw;3;00:19:19;00:19:21.000001;00:19:23.000003;19.31666667;19.35;19.38333333;1;1;4;00:02:50.000021;00:07:55;00:12:51.000012;00:17:36.000015;;;;;0.375;2.833333333;7.916666667;12.85;17.6;;;;;2021-08-10 00:00:00;Tuesday;1;19.65;39;0.338333333;0.151401088;0;0;;(2.0, 4.0];3.0;16;4;3;20.3;0.197;0.148;0.951559934;0.95320197;0.954844007;0.139573071;0.38998358;0.633004926;0.866995074;;;;
83;🔥 CorelDRAW AMAZING Techniques for Beginners & Experts ▶ LOGO TUTORIAL;20210729;1430;78.4329;5;2.768;27224;1.9;🔥 CorelDRAW AMAZING Techniques for Beginners & Experts ▶ LOGO TUTORIAL;1 año 11 minutos y 1 segundo 1,428 visitas;00:11:01;https://www.youtube.com/watch?v=9Y7omimkljg;9Y7omimkljg;2022-01-19T12:05:39.065913Z;67;0;5;1151;Técnicas CorelDraw;3;00:10:41.000014;00:10:43.000009;00:10:45.000012;10.68333333;10.71666667;10.75;1;1;3;00:02:11.000028;00:04:35.000012;00:08:00.000028;;;;;;0.231481481;2.183333333;4.583333333;8;;;;;;2021-07-29 00:00:00;Thursday;3;11.01666667;1;0.183888889;0.298268058;1;0;(0.169, 0.214];(2.0, 4.0];3.0;16;3;3;11.03333333;0.272;0.272;0.968277946;0.971299094;0.974320242;0.197885196;0.415407855;0.725075529;;;;;
84;🔥 CorelDRAW BASIC Techniques for Beginners & Experts ▶ 3D LOGO TUTORIAL;20210713;1511;78.0586;4;2.502;35548;1.82;🔥 CorelDRAW BASIC Techniques for Beginners & Experts ▶ 3D LOGO TUTORIAL;1 año 9 minutos y 44 segundos 1,511 visitas;00:09:44;https://www.youtube.com/watch?v=v9Q7miWkdhE;v9Q7miWkdhE;2022-01-20T13:28:43.053807Z;91;3;4.872340426;1324;Técnicas CorelDraw;3;00:09:23.000029;00:09:25.000024;00:09:29.000013;9.383333333;9.416666667;9.483333333;1;1;2;00:02:35.000010;00:07:42.000007;;;;;;;0.503125;2.583333333;7.7;;;;;;;2021-07-13 00:00:00;Tuesday;1;9.733333333;44;0.174444444;0.296141417;1;0;(0.169, 0.214];(0.0, 2.0];3.0;16;2;3;10.46666667;0.191;0.287;0.896496815;0.899681529;0.906050955;0.246815287;0.73566879;;;;;;
85;🔥 CorelDRAW BEST Techniques for BEGINNERS & EXPERTS Tutorial ▶ SnowFlake ❄ (2021) 👉🏼;20210701;939;47.1552;2;1.822;27401;1.5;🔥 CorelDRAW BEST Techniques for BEGINNERS & EXPERTS Tutorial ▶ SnowFlake ❄ (2021) 👉🏼DelcaVideography de DelcaVideography;1 año 10 minutos y 18 segundos 938 visitas;00:10:18;https://www.youtube.com/watch?v=qgz8K69Nyos;qgz8K69Nyos;2022-02-14T07:40:14.731572Z;47;0;5;850;Técnicas CorelDraw;3;00:09:58.000005;00:10:00;00:10:03.000019;9.966666667;10;10.05;1;1;2;00:01:59.000015;00:07:25.000003;;;;;;;0.384090909;1.983333333;7.416666667;;;;;;;2021-07-01 00:00:00;Thursday;3;10.3;18;0.176666667;0.284255832;1;0;(0.169, 0.214];(0.0, 2.0];3.0;16;2;3;10.6;0.189;0.283;0.940251572;0.943396226;0.948113208;0.187106918;0.699685535;;;;;;
86;🔥 CorelDRAW BEST Techniques for Beginner & Experts TUTORIAL ▶ S Loop (2021) 👉🏼;20210708;891;34.521;4;1.298;26931;1.43;🔥 CorelDRAW BEST Techniques for Beginner & Experts TUTORIAL ▶ S Loop (2021) 👉🏼 DelcaVideography de DelcaVideography;1 año 6 minutos y 14 segundos 890 visitas;00:06:14;https://www.youtube.com/watch?v=I_NAZb6LYKM;I_NAZb6LYKM;2022-02-14T07:40:14.498571Z;61;3;4.8125;849;Técnicas CorelDraw;3;00:05:54.000015;00:05:56.000011;00:06:00.000002;5.9;5.933333333;6;1;1;0;;;;;;;;;0.225;;;;;;;;;2021-07-08 00:00:00;Thursday;3;6.233333333;14;0.107777778;0.359481412;1;0;(0.0, 0.169];;3.0;16;0;3;6.466666667;0;0.464;0.912371134;0.917525773;0.927835052;;;;;;;;
87;🔥 CorelDRAW Best Geometry Tricks Logo TUTORIAL ▶▶ MICROSOFT EDGE 👉🏼;20210706;1609;70.5007;1;2.009;27635;2.91;🔥 CorelDRAW Best Geometry Tricks Logo TUTORIAL ▶▶ MICROSOFT EDGE 👉🏼 DelcaVideography de DelcaVideography;1 año 9 minutos y 26 segundos 1,607 visitas;00:09:26;https://www.youtube.com/watch?v=jlKRNHa23qg;jlKRNHa23qg;2022-02-14T07:40:14.625045Z;57;5;4.677419355;1140;Consejos CorelDraw;3;00:09:06.000021;00:09:08.000015;00:09:12.000004;9.1;9.133333333;9.2;1;1;2;00:02:26.000014;00:06:39.000002;;;;;;;0.250972222;2.433333333;6.65;;;;;;;2021-07-06 00:00:00;Tuesday;1;9.433333333;26;0.164444444;0.266451506;0;0;(0.0, 0.169];(0.0, 2.0];3.0;2;2;3;9.866666667;0.203;0.304;0.922297297;0.925675676;0.932432432;0.246621622;0.673986486;;;;;;
88;🔥 CorelDRAW ESSENTIAL Techniques for Beginners & Experts ▶ LOGO TUTORIAL;20210715;1190;49.6256;2;2.691;31401;1.51;🔥 CorelDRAW ESSENTIAL Techniques for Beginners & Experts ▶ LOGO TUTORIAL |  DelcaVideography de DelcaVideography;1 año 8 minutos y 1 segundo 1,189 visitas;00:08:01;https://www.youtube.com/watch?v=VXr_jcns58Q;VXr_jcns58Q;2022-02-14T07:40:37.911494Z;61;3;4.8125;1097;Técnicas CorelDraw;3;00:07:41.000024;00:07:43.000018;00:07:47.000008;7.683333333;7.716666667;7.783333333;1;1;0;00:02:02.000015;00:05:18.000024;;;;;;;0.7;2.033333333;5.3;;;;;;;2021-07-15 00:00:00;Thursday;3;8.016666667;1;0.133888889;0.311468601;1;0;(0.0, 0.169];;3.0;16;2;3;8.033333333;0.249;0.373;0.956431535;0.960580913;0.968879668;0.253112033;0.659751037;;;;;;
89;🔥 CorelDRAW GREAT Techniques for Beginners & Experts ▶ LOGO TUTORIAL (🌸+♻);20210722;1697;80.1163;6;1.955;52381;1.46;🔥 CorelDRAW GREAT Techniques for Beginners & Experts ▶ LOGO TUTORIAL (🌸+♻) ;1 año 8 minutos y 47 segundos 1,694 visitas;00:08:47;https://www.youtube.com/watch?v=XHIcjnPHv3g;XHIcjnPHv3g;2022-02-14T07:38:36.672601Z;88;0;5;1525;Técnicas CorelDraw;3;00:08:27.000004;00:08:28.000023;00:08:31.000002;8.45;8.466666667;8.516666667;1;1;2;00:02:36.000013;00:05:20.000008;;;;;;;0.361495768;2.6;5.333333333;;;;;;;2021-07-22 00:00:00;Thursday;3;8.783333333;47;0.159444444;0.296094029;1;0;(0.0, 0.169];(0.0, 2.0];3.0;16;2;3;9.566666667;0.209;0.314;0.883275261;0.885017422;0.890243902;0.271777003;0.557491289;;;;;;
90;🔥 CorelDRAW KEY Techniques for Beginners & Experts ▶ LOGO TUTORIAL;20210812;1486;66.1176;4;1.738;58868;1.24;🔥 CorelDRAW KEY Techniques for Beginners & Experts ▶ LOGO TUTORIAL;1 año 8 minutos y 22 segundos 1,486 visitas;00:08:22;https://www.youtube.com/watch?v=E2NgvYy16J0;E2NgvYy16J0;2022-02-14T07:37:33.868305Z;63;0;5;1345;Técnicas CorelDraw;3;00:08:02.000003;00:08:04.000004;00:08:06.000007;8.033333333;8.066666667;8.1;1;1;2;00:01:06.000026;00:04:35.000014;;;;;;;-0.064583333;1.1;4.583333333;;;;;;;2021-08-12 00:00:00;Thursday;3;8.366666667;22;0.145555556;0.305681732;1;0;(0.0, 0.169];(0.0, 2.0];3.0;16;2;3;8.733333333;0.229;0.344;0.919847328;0.923664122;0.927480916;0.125954198;0.52480916;;;;;;
91;🔥 CorelDRAW Tips & Tricks for Beginners & Experts ▶ LOGO TUTORIAL;20210817;1167;52.0842;3;1.429;40210;1.2;🔥 CorelDRAW Tips & Tricks for Beginners & Experts ▶ LOGO TUTORIAL;1 año 8 minutos y 7 segundos 1,166 visitas;00:08:07;https://www.youtube.com/watch?v=yuiXtxKrSzQ;yuiXtxKrSzQ;2022-02-14T07:40:14.092935Z;83;2;4.905882353;1121;Tips CorelDraw;3;00:07:47.000001;00:07:49.000003;00:07:51.000006;7.783333333;7.816666667;7.85;1;1;2;00:01:16;00:05:37.000027;;;;;;;;1.266666667;5.616666667;;;;;;;2021-08-17 00:00:00;Tuesday;1;8.116666667;7;0.137222222;0.325245049;1;0;(0.0, 0.169];(0.0, 2.0];3.0;14;2;3;8.233333333;0.243;0.364;0.94534413;0.949392713;0.953441296;0.153846154;0.682186235;;;;;;
92;🔥 Cómo CREAR una INTRO para tu CANAL de YOUTUBE 💗 en un PAR de MINUTOS ▶ TUTORIAL;20220215;951;41.2375;-2;1.761;31688;1.13;🔥 Cómo CREAR una INTRO para tu CANAL de YOUTUBE 💗 en un PAR de MINUTOS ▶ TUTORIAL;8 meses 12 minutos y 24 segundos 963 visitas;00:12:24;https://www.youtube.com/watch?v=dfJzsYz4QeA;dfJzsYz4QeA;2022-02-20T16:00:29.996595Z;44;2;4.826086957;670;Intro;3;00:12:10.000029;00:12:10.000029;00:12:11.000006;12.16666667;12.16666667;12.18333333;1;1;2;00:04:04.000013;00:08:51.000012;;;;;;;;4.066666667;8.85;;;;;;;2022-02-15 00:00:00;Tuesday;1;12.4;24;0.213333333;0.203260548;0;0;(0.169, 0.214];(0.0, 2.0];3.0;9;2;3;12.8;0.156;0.234;0.950520833;0.950520833;0.951822917;0.317708333;0.69140625;;;;;;
93;🔥 LOGO TUTORIAL ▶ CorelDRAW MUST KNOWN Techniques for Beginners & Experts;20210727;1525;60.954;5;1.668;34378;2.05;🔥 LOGO TUTORIAL ▶ CorelDRAW MUST KNOWN Techniques for Beginners & Experts;1 año 5 minutos y 49 segundos 1,524 visitas;00:05:49;https://www.youtube.com/watch?v=ZGNFQVh79hE;ZGNFQVh79hE;2022-02-14T07:40:14.443507Z;77;4;4.802469136;1389;Técnicas CorelDraw;3;00:05:29.000009;00:05:31.000004;00:05:33.000006;5.483333333;5.516666667;5.55;1;1;0;;;;;;;;;0.75;;;;;;;;;2021-07-27 00:00:00;Tuesday;1;5.816666667;49;0.110555556;0.361536206;1;0;(0.0, 0.169];;3.0;16;0;3;6.633333333;0;0.452;0.826633166;0.831658291;0.836683417;;;;;;;;
94;🔥 Sigue esta ESTRATEGIA para CREAR tus LOGOS (Bien EXPLICADO⚡) en CorelDRAW;20220125;6466;570.561;76;9.24;188364;1.69;🔥 Sigue esta ESTRATEGIA para CREAR tus LOGOS (Bien EXPLICADO⚡) en CorelDRAW;9 meses 24 minutos 6,670 visitas;00:24:32;https://www.youtube.com/watch?v=FC8Ys6hqa2c;FC8Ys6hqa2c;2022-04-21T20:47:41.936291Z;266;2;4.970149254;4948;Logo en CorelDraw;3;00:24:12.033333;00:24:14.050000;00:24:16.100000;24.2;24.23333333;24.26666667;1;1;5;00:04:18.000007;00:07:22.000011;00:13:49.000008;00:18:38.000010;00:22:05.000012;;;;0.316156463;4.3;7.366666667;13.81666667;18.63333333;22.08333333;;;;2022-01-25 00:00:00;Tuesday;1;24.53333333;32;0.417777778;0.211213195;0;0;;(4.0, 8.0];3.0;10;5;3;25.06666667;0.199;0.12;0.965425532;0.966755319;0.968085106;0.171542553;0.293882979;0.551196809;0.743351064;0.880984043;;;
95;🔥 USA LETRAS para CREAR LOGOS si SIGUES estos PASOS ▶ TUTORIAL;20220315;3039;172.5609;9;4.45;100814;1.17;🔥 USA LETRAS para CREAR LOGOS si SIGUES estos PASOS ▶ TUTORIAL |  DelcaVideography de DelcaVideography;7 meses 16 minutos 3,039 visitas;00:16:16;https://www.youtube.com/watch?v=3Zai99qd9kQ;3Zai99qd9kQ;2022-03-25T03:12:48.953693Z;122;0;5;1893;Logo en CorelDraw;3;00:15:56.000005;00:15:58.000006;00:16:00.000008;15.93333333;15.96666667;16;1;1;3;00:04:09.000022;00:08:11.000017;00:13:48.000008;;;;;;0.33;4.15;8.183333333;13.8;;;;;;2022-03-15 00:00:00;Tuesday;1;16.26666667;16;0.275555556;0.20606419;0;0;(0.214, 0.31];(2.0, 4.0];3.0;10;3;3;16.53333333;0.181;0.181;0.963709677;0.965725806;0.967741935;0.251008065;0.494959677;0.834677419;;;;;
96;🔴 CorelDRAW MUST KNOWN Techniques for Beginners & Experts ▶ 3D LOGO TUTORIAL;20210805;1867;84.2964;5;2.324;70943;1.11;🔴 CorelDRAW MUST KNOWN Techniques for Beginners & Experts ▶ 3D LOGO TUTORIAL;1 año 8 minutos y 41 segundos 1,867 visitas;00:08:41;https://www.youtube.com/watch?v=d5RUp2aWDBs;d5RUp2aWDBs;2022-02-14T07:40:12.671839Z;96;0;5;1796;Técnicas CorelDraw;3;00:08:21.000019;00:08:23.000021;00:08:25.000024;8.35;8.383333333;8.416666667;1;1;2;00:03:38.000020;00:06:45.000013;;;;;;;-0.0534375;3.633333333;6.75;;;;;;;2021-08-05 00:00:00;Thursday;3;8.683333333;41;0.156111111;0.289221714;1;0;(0.0, 0.169];(0.0, 2.0];3.0;16;2;3;9.366666667;0.214;0.32;0.891459075;0.895017794;0.898576512;0.387900356;0.720640569;;;;;;
97;🔴 Cómo DISEÑAR LOGOS en POCOS PASOS 🧐 con CorelDRAW ► TUTORIAL;20211125;3843;207.2046;41;5.592;102517;1.78;🔴 Cómo DISEÑAR LOGOS en POCOS PASOS 🧐 con CorelDRAW ► TUTORIAL;11 meses 10 minutos y 29 segundos 3,904 visitas;00:10:29;https://www.youtube.com/watch?v=jRBz2XK3W-U;jRBz2XK3W-U;2022-03-02T10:34:19.186886Z;183;2;4.956756757;2904;Logo en CorelDraw;3;00:10:09.000002;00:10:11.000003;00:10:13.000006;10.15;10.18333333;10.21666667;1;1;1;00:05:45.000006;;;;;;;;0.161762153;5.75;;;;;;;;2021-11-25 00:00:00;Thursday;3;10.48333333;29;0.182777778;0.29498886;1;0;(0.169, 0.214];(0.0, 2.0];3.0;10;1;3;10.96666667;0.091;0.274;0.925531915;0.928571429;0.931610942;0.524316109;;;;;;;
98;🔴 Cómo funciona la PERSPECTIVA de 1 punto de fuga ▷ Tutorial CorelDRAW 2021 de DelcaVideography;20210425;1113;41.1099;7;1.594;29609;2.02;🔴 Cómo funciona la PERSPECTIVA de 1 punto de fuga ▷ Tutorial CorelDRAW 2021 de DelcaVideography;1 año 6 minutos y 42 segundos 1,080 visitas;00:06:42;https://www.youtube.com/watch?v=8lb0Vv7w5BU;8lb0Vv7w5BU;2022-01-25T01:32:26.088091Z;41;3;4.727272727;801;Diseño distinto a Logos;2;00:06:21.000017;00:06:28.000004;;6.35;6.466666667;;1;1;0;;;;;;;;;;;;;;;;;;2021-04-25 00:00:00;Sunday;6;6.7;42;0.123333333;0.299482043;1;0;(0.0, 0.169];;2.0;4;0;2;7.4;0;0.27;0.858108108;0.873873874;;;;;;;;;
99;🔴 Cómo funciona la PERSPECTIVA de 2 PUNTOS de FUGA  ▷ Tutorial  CorelDRAW 2021 de DelcaVideography;20210420;1286;36.6153;-1;1.281;30791;2.17;🔴 Cómo funciona la PERSPECTIVA de 2 PUNTOS de FUGA  ▷ Tutorial  CorelDRAW 2021 de DelcaVideography;1 año 4 minutos y 37 segundos 1,264 visitas;00:04:37;https://www.youtube.com/watch?v=sLTyCZgoy5c;sLTyCZgoy5c;2022-01-25T01:33:09.925879Z;38;4;4.619047619;971;Diseño distinto a Logos;2;00:04:16.000007;00:04:22.000018;;4.266666667;4.366666667;;1;1;0;;;;;;;;;;;;;;;;;;2021-04-20 00:00:00;Tuesday;1;4.616666667;37;0.087222222;0.326433319;1;0;(0.0, 0.169];;2.0;4;0;2;5.233333333;0;0.382;0.815286624;0.834394904;;;;;;;;;
100;🔴 Tutorial PERSPECTIVA de 3 puntos de fuga (vista de AVE 🕊) ▷ CorelDRAW 2021 de DelcaVideography;20210413;996;63.5885;2;1.472;28209;1.63;🔴 Tutorial PERSPECTIVA de 3 puntos de fuga (vista de AVE 🕊) ▷ CorelDRAW 2021 de DelcaVideography;1 año 21 minutos 981 visitas;00:21:50;https://www.youtube.com/watch?v=_tpnACbQMCs;_tpnACbQMCs;2022-02-14T07:40:11.659931Z;34;2;4.777777778;849;Diseño distinto a Logos;2;00:21:29.000003;00:21:35.000014;;21.48333333;21.58333333;;1;1;4;00:05:36.000015;00:11:02.000014;00:15:57.000011;00:20:11.000003;;;;;;5.6;11.03333333;15.95;20.18333333;;;;;2021-04-13 00:00:00;Tuesday;1;21.83333333;50;0.377777778;0.168998494;0;0;;(2.0, 4.0];2.0;4;4;2;22.66666667;0.176;0.088;0.947794118;0.952205882;;0.247058824;0.486764706;0.703676471;0.890441176;;;;
101;🔴 Tutorial PERSPECTIVA de 3 puntos de fuga (vista de GUSANO 🐛) ▷ CorelDRAW 2021 de DelcaVideography;20210415;999;28.405;2;0.96;28913;1.68;🔴 Tutorial PERSPECTIVA de 3 puntos de fuga (vista de GUSANO 🐛) ▷ CorelDRAW 2021 de DelcaVideography;1 año 4 minutos y 53 segundos 972 visitas;00:04:53;https://www.youtube.com/watch?v=9Q3eATf-3bM;9Q3eATf-3bM;2022-02-14T07:40:11.725004Z;25;4;4.448275862;763;Diseño distinto a Logos;2;00:04:32.000004;00:04:38.000014;;4.533333333;4.633333333;;1;1;0;;;;;;;;;;;;;;;;;;2021-04-15 00:00:00;Thursday;3;4.883333333;53;0.096111111;0.295839192;1;0;(0.0, 0.169];;2.0;4;0;2;5.766666667;0;0.347;0.786127168;0.803468208;;;;;;;;;
102;🖱 EFECTO de PROYECCIÓN BÁSICA ▶ Tips para DISEÑAR en CorelDRAW;20210921;962;44.1079;7;1.127;34768;1.23;🖱 EFECTO de PROYECCIÓN BÁSICA ▶ Tips para DISEÑAR en CorelDRAW;1 año 6 minutos y 59 segundos 962 visitas;00:06:59;https://www.youtube.com/watch?v=8L6ahg2eHBc;8L6ahg2eHBc;2022-03-02T10:09:50.475473Z;65;2;4.880597015;808;Tips CorelDraw;3;00:06:39.000013;00:06:41.000014;00:06:43.000017;6.65;6.683333333;6.716666667;1;1;0;;;;;;;;;0.377777778;;;;;;;;;2021-09-21 00:00:00;Tuesday;1;6.983333333;59;0.132777778;0.345315373;1;0;(0.0, 0.169];;3.0;14;0;3;7.966666667;0;0.377;0.834728033;0.838912134;0.843096234;;;;;;;;
103;😃 Te ENSEÑO cómo es el PROCESO de DISEÑO;20210922;476;4.5199;1;0.51;17069;1.07;😃 Te ENSEÑO cómo es el PROCESO de DISEÑO;1 año 1 minuto y 1 segundo 476 visitas;00:01:01;https://www.youtube.com/watch?v=0KgJJw4016M;0KgJJw4016M;2022-03-02T10:05:33.101479Z;31;0;5;435;Diseño distinto a Logos;0;;;;;;;1;1;0;;;;;;;;;0.633333333;;;;;;;;;2021-09-22 00:00:00;Wednesday;2;1.016666667;1;0.017222222;0.551356736;1;0;(0.0, 0.169];;0.0;4;0;0;1.033333333;0;0;;;;;;;;;;;
104;😊  Te ENSEÑO archivo de Trabajo en CorelDRAW;20210924;584;5.8118;-1;0.557;21644;1.12;😊  Te ENSEÑO archivo de Trabajo en CorelDRAW;1 año 1 minuto y 1 segundo 584 visitas;00:01:01;https://www.youtube.com/watch?v=z2ZSpE9zovU;z2ZSpE9zovU;2022-03-02T10:06:12.581531Z;41;3;4.727272727;553;Archivo CorelDraw;0;;;;;;;1;1;0;;;;;;;;;0.25;;;;;;;;;2021-09-24 00:00:00;Friday;4;1.016666667;1;0.017222222;0.577841361;1;0;(0.0, 0.169];;0.0;0;0;0;1.033333333;0;0;;;;;;;;;;;
105;😎 Así FUNCIONAN los PAQUETES de EFECTOS de MOVAVI ▶;20220222;2100;59.9312;9;5.05;26470;3.66;😎 Así FUNCIONAN los PAQUETES de EFECTOS de MOVAVI ▶;8 meses 7 minutos y 44 segundos 2,199 visitas;00:07:44;https://www.youtube.com/watch?v=FYS3pPudW10;FYS3pPudW10;2022-02-25T02:14:55.067364Z;38;3;4.707317073;1838;Edición videos;3;00:07:30.000026;00:07:30.000026;00:07:31.000003;7.5;7.5;7.516666667;1;1;0;;;;;;;;;0.065833333;;;;;;;;;2022-02-22 00:00:00;Tuesday;1;7.733333333;44;0.141111111;0.20224252;0;1;(0.0, 0.169];;3.0;5;0;3;8.466666667;0;0.354;0.885826772;0.885826772;0.887795276;;;;;;;;
106;😎 DOMINA estas TÉCNICAS de DISEÑO para CREAR LOGOS en CorelDRAW ▶ TUTORIAL;20220217;3674;234.8777;35;4.888;144857;1.1;😎 DOMINA estas TÉCNICAS de DISEÑO para CREAR LOGOS en CorelDRAW ▶ TUTORIAL;8 meses 15 minutos 3,751 visitas;00:15:21;https://www.youtube.com/watch?v=rQKwYTmFz7I;rQKwYTmFz7I;2022-02-22T18:04:32.954908Z;171;1;4.976744186;2487;Técnicas CorelDraw;3;00:15:01.000010;00:15:03.000011;00:15:05.000014;15.01666667;15.05;15.08333333;1;1;4;00:03:57.000011;00:06:58.000012;00:11:07.000004;00:14:00.000019;;;;;0.34;3.95;6.966666667;11.11666667;14;;;;;2022-02-17 00:00:00;Thursday;3;15.35;21;0.261666667;0.244317306;0;0;(0.214, 0.31];(2.0, 4.0];3.0;16;4;3;15.7;0.255;0.191;0.956475584;0.958598726;0.960721868;0.251592357;0.44373673;0.708067941;0.891719745;;;;
107;😎 Este CONSEJO MEJORARÁ tu EXPERIENCIA con mis TUTORIALES;20211002;828;17.2807;-1;1.703;36289;1.1;😎 Este CONSEJO MEJORARÁ tu EXPERIENCIA con mis TUTORIALES;1 año 3 minutos y 13 segundos 828 visitas;00:03:13;https://www.youtube.com/watch?v=PIe4HWkxn0I;PIe4HWkxn0I;2022-03-02T10:05:29.274611Z;54;2;4.857142857;791;Consejos CorelDraw;0;;;;;;;1;1;0;;;;;;;;;;;;;;;;;;2021-10-02 00:00:00;Saturday;5;3.216666667;13;0.057222222;0.364725623;1;0;(0.0, 0.169];;0.0;2;0;0;3.433333333;0;0;;;;;;;;;;;
108;😎 ¡AL FIN! ▶ UNBOXING PLACA de 100K 💪🏼 de YouTube 💖 DelcaVideography de DelcaVideography;20220512;428;8.2558;-2;0.462;15695;1.61;😎 ¡AL FIN! ▶ UNBOXING PLACA de 100K 💪🏼 de YouTube 💖 DelcaVideography de DelcaVideography;5 meses 2 minutos y 51 segundos 422 visitas;00:02:51;https://www.youtube.com/watch?v=tRzGALmKrxY;tRzGALmKrxY;2022-10-30T20:31:15.062754Z;52;0;5;422;Unboxing;3;00:02:31.000017;00:02:32.000022;00:02:32.000028;2.516666667;2.533333333;2.533333333;1;1;0;;;;;;;;;0.344963235;;;;;;;;;2022-05-12 00:00:00;Thursday;3;2.85;51;0.061666667;0.312798687;1;0;(0.0, 0.169];;3.0;17;0;3;3.7;0;0.811;0.68018018;0.684684685;0.684684685;;;;;;;;
109;😲 DOMINA la GEOMETRÍA para DISEÑAR LOGOS en CorelDRAW ► TUTORIAL;20211130;1810;78.4546;10;2.337;52854;1.46;😲 DOMINA la GEOMETRÍA para DISEÑAR LOGOS en CorelDRAW ► TUTORIAL;11 meses 7 minutos y 9 segundos 1,823 visitas;00:07:09;https://www.youtube.com/watch?v=vCMrop1rNp0;vCMrop1rNp0;2022-01-20T07:50:04.143682Z;106;0;5;1289;Logo en CorelDraw;3;00:06:48.000011;00:06:50.000012;00:06:52.000015;6.8;6.833333333;6.866666667;1;1;0;;;;;;;;;0.286402116;;;;;;;;;2021-11-30 00:00:00;Tuesday;1;7.15;9;0.121666667;0.356260955;1;0;(0.0, 0.169];;3.0;10;0;3;7.3;0;0.411;0.931506849;0.936073059;0.940639269;;;;;;;;
110;🛠 Con estas 7 TÉCNICAS vas a DISEÑAR como un PROFESIONAL 😎 en CorelDRAW TUTORIAL DelcaVideography de DelcaVideography;20220607;1435;98.2487;4;1.927;35785;2.4;🛠 Con estas 7 TÉCNICAS vas a DISEÑAR como un PROFESIONAL 😎 en CorelDRAW TUTORIAL DelcaVideography de DelcaVideography;4 meses 14 minutos y 11 segundos 1,408 visitas;00:14:11;https://www.youtube.com/watch?v=qYt3TLlMkOU;qYt3TLlMkOU;2022-10-30T23:53:23.554637Z;118;0;5;1408;Técnicas CorelDraw;3;00:13:53.000010;00:13:54.000003;00:13:54.000009;13.88333333;13.9;13.9;1;1;3;00:05:20.000002;00:10:18.000015;00:13:25.000008;;;;;;-0.5;5.333333333;10.3;13.41666667;;;;;;2022-06-07 00:00:00;Tuesday;1;14.18333333;11;0.239444444;0.285936862;1;0;(0.214, 0.31];(2.0, 4.0];3.0;16;3;3;14.36666667;0.209;0.209;0.966357309;0.967517401;0.967517401;0.371229698;0.716937355;0.93387471;;;;;
111;🤔🧠 Procesos de DISEÑO INTELIGENTES en CorelDRAW 🖋 Tips & Tricks;20211008;1759;81.2212;0;2.856;61056;1.25;🤔🧠 Procesos de DISEÑO INTELIGENTES en CorelDRAW 🖋 Tips & Tricks;1 año 8 minutos y 1 segundo 1,772 visitas;00:08:01;https://www.youtube.com/watch?v=IseB9VCLPfI;IseB9VCLPfI;2022-03-02T10:04:48.449289Z;112;1;4.96460177;1559;Tips CorelDraw;3;00:07:41.000011;00:07:43.000013;00:07:45.000015;7.683333333;7.716666667;7.75;1;1;2;00:04:21;00:07:46.000012;;;;;;;0.354333333;4.35;7.766666667;;;;;;;2021-10-08 00:00:00;Friday;4;8.016666667;1;0.133888889;0.344872865;1;0;(0.0, 0.169];(0.0, 2.0];3.0;14;2;3;8.033333333;0.249;0.373;0.956431535;0.960580913;0.96473029;0.541493776;0.966804979;;;;;;
112;🤘🏼 Así PODRÁS crear INTROS ANIMADAS para tu TRABAJO y REDES SOCIALES en MINUTOS;20211216;1314;85.342;5;1.874;49190;1.14;🤘🏼 Así PODRÁS crear INTROS ANIMADAS para tu TRABAJO y REDES SOCIALES en MINUTOS;10 meses 30 minutos 1,321 visitas;00:30:25;https://www.youtube.com/watch?v=JhBKvI8Dcnk;JhBKvI8Dcnk;2022-02-04T04:46:10.111011Z;73;0;5;1164;Intro;2;00:30:04.200000;00:30:08.316667;;30.06666667;30.13333333;;1;1;6;00:01:09.000009;00:06:55.000006;00:10:33.000006;00:16:20.000009;00:24:51.216667;00:29:10.316667;;;1;1.15;6.916666667;10.55;16.33333333;24.85;29.16666667;;;2021-12-16 00:00:00;Thursday;3;30.41666667;25;0.513888889;0.126385783;0;0;;(4.0, 8.0];2.0;9;6;2;30.83333333;0.195;0.065;0.975135135;0.977297297;;0.037297297;0.224324324;0.342162162;0.52972973;0.805945946;0.945945946;;
113;🤜🏼 La MASTERCLASS que BUSCABAS 👉🏼  Técnicas AVANZADAS para DISEÑADORES CorelDRAW;20210928;4130;523.1473;50;7.566;86732;2.47;🤜🏼 La MASTERCLASS que BUSCABAS 👉🏼  Técnicas AVANZADAS para DISEÑADORES CorelDRAW;1 año 33 minutos 4,135 visitas;00:33:25;https://www.youtube.com/watch?v=uVobnwq6V5M;uVobnwq6V5M;2022-03-03T07:43:30.549464Z;173;2;4.954285714;3300;Técnicas CorelDraw;3;00:33:04.283333;00:33:06.300000;00:33:08.350000;33.06666667;33.1;33.13333333;1;1;7;00:02:56;00:11:21.000011;00:14:00.000008;00:16:12.000020;00:20:45.000010;00:28:36.066667;00:31:56.166667;;0.314322917;2.933333333;11.35;14;16.2;20.75;28.6;31.93333333;;2021-09-28 00:00:00;Tuesday;1;33.41666667;25;0.563888889;0.224636539;0;0;;(4.0, 8.0];3.0;16;7;3;33.83333333;0.207;0.089;0.977339901;0.978325123;0.979310345;0.086699507;0.33546798;0.413793103;0.478817734;0.613300493;0.845320197;0.943842365;
114;🤜🏼💥 ZARA vs MANGO 💥🤛🏼 Enfrento & Comparo ⚔ estas 2 MARCAS ▶ DelcaVideography de DelcaVideography;20210216;727;22.1841;-2;1.098;24040;1.58;🤜🏼💥 ZARA vs MANGO 💥🤛🏼 Enfrento & Comparo ⚔ estas 2 MARCAS ▶ DelcaVideography de DelcaVideography;1 año 6 minutos y 2 segundos 703 visitas;00:06:02;https://www.youtube.com/watch?v=hKznCL165B0;hKznCL165B0;2022-02-23T09:06:32.624192Z;18;4;4.272727273;544;Logo en CorelDraw;3;00:05:41.000022;00:05:41.000022;00:05:41.000022;5.683333333;5.683333333;5.683333333;1;1;0;;;;;;;;;;;;;;;;;;2021-02-16 00:00:00;Tuesday;1;6.033333333;2;0.101111111;0.301792554;1;0;(0.0, 0.169];;3.0;10;0;3;6.066666667;0;0.495;0.936813187;0.936813187;0.936813187;;;;;;;;
115;🤫 Pon en PRÁCTICA el SECRETO para DISEÑAR este LOGO en CorelDRAW ▶▶ TUTORIAL;20211214;4034;357.6949;34;6.862;81427;2.32;🤫 Pon en PRÁCTICA el SECRETO para DISEÑAR este LOGO en CorelDRAW ▶▶ TUTORIAL | DelcaVideograhy de DelcaVideography;10 meses 20 minutos 4,093 visitas;00:20:22;https://www.youtube.com/watch?v=sOYygjhplfw;sOYygjhplfw;2022-01-24T04:07:57.912485Z;172;3;4.931428571;2392;Logo en CorelDraw;3;00:20:01.000010;00:20:03.000012;00:20:05.000014;20.01666667;20.05;20.08333333;1;1;4;00:03:32.000016;00:05:32.000005;00:10:52;00:16:50;;;;;0.374;3.533333333;5.533333333;10.86666667;16.83333333;;;;;2021-12-14 00:00:00;Tuesday;1;20.36666667;22;0.345555556;0.256601372;0;0;;(2.0, 4.0];3.0;10;4;3;20.73333333;0.193;0.145;0.965434084;0.967041801;0.968649518;0.170418006;0.266881029;0.524115756;0.811897106;;;;
116;🤯 APRENDE a DISEÑAR LOGOS con ESTA TÉCNICA SECRETA en CorelDRAW;20220118;13062;589.1126;195;12.261;428666;1.16;🤯 APRENDE a DISEÑAR LOGOS con ESTA TÉCNICA SECRETA en CorelDRAW;9 meses 13 minutos y 54 segundos 13,082 visitas;00:13:54;https://www.youtube.com/watch?v=kuI3uJebbgk;kuI3uJebbgk;2022-02-19T06:39:24.910894Z;477;5;4.958506224;11193;Técnicas CorelDraw;3;00:13:34.000005;00:13:36.000006;00:13:38.000008;13.56666667;13.6;13.63333333;1;1;3;00:03:01.000002;00:06:37.000020;00:10:30.000022;;;;;;0.156875;3.016666667;6.616666667;10.5;;;;;;2022-01-18 00:00:00;Tuesday;1;13.9;54;0.246666667;0.182842928;0;0;(0.214, 0.31];(2.0, 4.0];3.0;16;3;3;14.8;0.203;0.203;0.916666667;0.918918919;0.921171171;0.203828829;0.447072072;0.709459459;;;;;
117;🤯 CONSEJOS PRÁCTICOS para CREAR LOGOS en CorelDRAW ▶ TUTORIAL;20220419;2047;173.0057;11;3.375;56356;2.45;🤯 CONSEJOS PRÁCTICOS para CREAR LOGOS en CorelDRAW ▶ TUTORIAL;6 meses 16 minutos 2,048 visitas;00:16:55;https://www.youtube.com/watch?v=GvsRcuPy0bs;GvsRcuPy0bs;2022-10-30T20:31:16.494202Z;140;4;4.888888889;2047;Consejos CorelDraw;3;00:16:34.000020;00:16:35.000021;00:16:53.000026;16.56666667;16.58333333;16.88333333;1;1;4;00:04:54.000014;00:10:29.000019;00:13:02.000025;00:15:17.000023;;;;;0.197142857;4.9;10.48333333;13.03333333;15.28333333;;;;;2022-04-19 00:00:00;Tuesday;1;16.91666667;55;0.297222222;0.284355277;1;0;(0.214, 0.31];(2.0, 4.0];3.0;2;4;3;17.83333333;0.224;0.168;0.928971963;0.929906542;0.946728972;0.274766355;0.587850467;0.730841121;0.857009346;;;;
118;🧐 DOMINA las MEJORES TÉCNICAS para CREAR LOGOS en CorelDRAW ▶ TUTORIAL;20211104;2821;160.71;8;5.781;118468;1.08;🧐 DOMINA las MEJORES TÉCNICAS para CREAR LOGOS en CorelDRAW ▶ TUTORIAL | DelcaVideograhy de DelcaVideography;11 meses 12 minutos y 18 segundos 2,849 visitas;00:12:18;https://www.youtube.com/watch?v=E6A6CB0_ddM;E6A6CB0_ddM;2022-03-02T10:21:38.80394Z;172;2;4.954022989;2481;Técnicas CorelDraw;3;00:11:57.000015;00:11:59.000016;00:12:01.000018;11.95;11.98333333;12.01666667;1;1;4;00:03:41.000017;00:07:36.000007;00:09:14.000010;00:11:03.000018;;;;;0.1;3.683333333;7.6;9.233333333;11.05;;;;;2021-11-04 00:00:00;Thursday;3;12.3;18;0.21;0.271281714;0;0;(0.169, 0.214];(2.0, 4.0];3.0;16;4;3;12.6;0.317;0.238;0.948412698;0.951058201;0.953703704;0.292328042;0.603174603;0.732804233;0.876984127;;;;
119;🧐 El Proceso de DISEÑO de LOGOS _DEFINITIVO_ en CorelDRAW ▶ PASO a PASO;20210930;1675;90.6025;11;2.262;42833;1.47;"🧐 El Proceso de DISEÑO de LOGOS ""DEFINITIVO"" en CorelDRAW ▶ PASO a PASO";1 año 9 minutos y 57 segundos 1,676 visitas;00:09:57;https://www.youtube.com/watch?v=KqBGDNGJ8-c;KqBGDNGJ8-c;2022-03-02T10:05:25.487346Z;117;3;4.9;1490;Logo en CorelDraw;3;00:09:37.000011;00:09:39.000012;00:09:41.000015;9.616666667;9.65;9.683333333;1;1;2;00:04:20.000019;00:06:56.000010;;;;;;;0.475;4.333333333;6.933333333;;;;;;;2021-09-30 00:00:00;Thursday;3;9.95;57;0.181666667;0.29774887;1;0;(0.169, 0.214];(0.0, 2.0];3.0;10;2;3;10.9;0.183;0.275;0.882262997;0.885321101;0.888379205;0.397553517;0.636085627;;;;;;
120;🧐 La TABLETA GRÁFICA más BARATA y VENDIDA ¿Merece la pena_ Review VEIKK S640;20211111;2181;113.9934;13;4.175;35105;3.59;🧐 La TABLETA GRÁFICA más BARATA y VENDIDA ¿Merece la pena? Review VEIKK S640;11 meses 10 minutos 2,247 visitas;00:10:00;https://www.youtube.com/watch?v=pB9xmmTnMTc;pB9xmmTnMTc;2022-03-02T10:42:01.435748Z;86;2;4.909090909;1065;Tableta Gráfica;3;00:09:39.000023;00:09:42.000001;00:09:44.000003;9.65;9.7;9.733333333;1;1;3;00:02:04.000017;00:06:45.000016;00:09:39.000002;;;;;;0.11228458;2.066666667;6.75;9.65;;;;;;2021-11-11 00:00:00;Thursday;3;10;0;0.166666667;0.31359945;1;1;(0.0, 0.169];(2.0, 4.0];3.0;13;3;3;10;0.3;0.3;0.965;0.97;0.973333333;0.206666667;0.675;0.965;;;;;
121;🧐 PRESTA mucha ATENCIÓN a estos DETALLES para DISEÑAR LOGOS en CorelDRAW 😱;20220120;3571;240.4057;32;4.02;111927;1.45;🧐 PRESTA mucha ATENCIÓN a estos DETALLES para DISEÑAR LOGOS en CorelDRAW 😱| DelcaVideography de DelcaVideography;9 meses 16 minutos 3,635 visitas;00:16:47;https://www.youtube.com/watch?v=DWmNpU8Amco;DWmNpU8Amco;2022-01-20T23:30:41.020994Z;29;0;5;172;Logo en CorelDraw;3;00:16:26.000004;00:16:28.000005;00:16:30.000008;16.43333333;16.46666667;16.5;1;1;4;00:04:04.000004;00:05:30.000006;00:09:53;00:15:44.000012;;;;;0.358333333;4.066666667;5.5;9.883333333;15.73333333;;;;;2022-01-20 00:00:00;Thursday;3;16.78333333;47;0.292777778;0.229941204;0;0;(0.214, 0.31];(2.0, 4.0];3.0;10;4;3;17.56666667;0.228;0.171;0.935483871;0.937381404;0.939278937;0.231499051;0.313092979;0.562618596;0.895635674;;;;
122;🧐 Sigue ESTE ORDEN en tus PROYECTOS ⭐ para CREAR LOGOS ASÍ en CorelDRAW;20220303;2188;159.1404;5;2.787;88772;0.95;🧐 Sigue ESTE ORDEN en tus PROYECTOS ⭐ para CREAR LOGOS ASÍ en CorelDRAW;7 meses 20 minutos 2,199 visitas;00:20:31;https://www.youtube.com/watch?v=C9jBrGCi2LE;C9jBrGCi2LE;2022-03-11T12:47:37.407775Z;111;3;4.894736842;1634;Logo en CorelDraw;3;00:20:10.000005;00:20:12.000007;00:20:14.000009;20.16666667;20.2;20.23333333;1;1;5;00:04:07.000016;00:08:25.000016;00:11:26;00:16:14.000001;00:17:09.000003;;;;0.351;4.116666667;8.416666667;11.43333333;16.23333333;17.15;;;;2022-03-03 00:00:00;Thursday;3;20.51666667;31;0.350555556;0.207480016;0;0;;(4.0, 8.0];3.0;10;5;3;21.03333333;0.238;0.143;0.958795563;0.960380349;0.961965135;0.195721078;0.400158479;0.543581616;0.771790808;0.815372425;;;
123;🧐 Te ENSEÑO estas TÉCNICAS de DIBUJO para DISEÑAR en CorelDRAW 🏠 ► TUTORIAL;20211109;2948;222.2494;26;5.151;90605;1.54;🧐 Te ENSEÑO estas TÉCNICAS de DIBUJO para DISEÑAR en CorelDRAW 🏠 ► TUTORIAL;11 meses 15 minutos 2,978 visitas;00:15:35;https://www.youtube.com/watch?v=Piah0r6Wad0;Piah0r6Wad0;2022-03-02T10:21:04.918738Z;190;3;4.937823834;2661;Técnicas CorelDraw;3;00:15:14.000010;00:15:16.000012;00:15:18.000014;15.23333333;15.26666667;15.3;1;1;3;00:03:01.000014;00:07:31.000013;00:12:48.000019;;;;;;0.471620581;3.016666667;7.516666667;12.8;;;;;;2021-11-09 00:00:00;Tuesday;1;15.58333333;35;0.269444444;0.279797535;0;0;(0.214, 0.31];(2.0, 4.0];3.0;16;3;3;16.16666667;0.186;0.186;0.942268041;0.944329897;0.946391753;0.186597938;0.464948454;0.791752577;;;;;
